1TRANS240612DTCC002FCA_Trade_State_Repo0001  10250300201       0000368037    CDT 06/13/24   00:15    RDT 06/13/24   00:18            ,,,,,,,,,,,,,,,,,,,,,,,,,,,,,,,,,,,,,,,,,,,,,,,,,,,,,,,,,,,,,,,,,,,,,,,,,,,,,,,,,,,,,,,,,,,,,,,,,,,,,,,,,,,,,,,,,,,,,,,,,,,,,,,,,,,,,,,,,,,,,,,,,,,,,,,,,,,,,,,,,,,
FX FCA Daily Trade State Report,,,,,,,,,,,,,,,,,,,,,,,,,,,,,,,,,,,,,,,,,,,,,,,,,,,,,,,,,,,,,,,,,,,,,,,,,,,,,,,,,,,,,,,,,,,,,,,,,,,,,,,,,,,,,,,,,,,,,,,,,,,,,,,,,,,,,,,,,,,,,,,,,,,,,,,,,,,,,,,,,,,
Report Date 2024-06-12   Report Run Date 2024-06-13,,,,,,,,,,,,,,,,,,,,,,,,,,,,,,,,,,,,,,,,,,,,,,,,,,,,,,,,,,,,,,,,,,,,,,,,,,,,,,,,,,,,,,,,,,,,,,,,,,,,,,,,,,,,,,,,,,,,,,,,,,,,,,,,,,,,,,,,,,,,,,,,,,,,,,,,,,,,,,,,,,,
Trade / Allege, Trade ID,Trade Party Transaction ID,Report tracking number ,Complex trade component ID ,Reporting Counterparty ID,Type of ID of the other Counterparty ,ID of the other counterparty,Trade Party 1 - Execution Agent ID ,Trade Party 2 - Execution Agent ID ,Action type,Level ,Reporting timestamp,Report submitting entity ID,Exchange Traded Indicator  ,Trade Party 1 - Third Party Viewer ID Type ,Trade Party 1 - Third Party Viewer ID ,Name of the counterparty ,Domicile of the counterparty ,Contract with non-EEA counterparty ,Country of the other counterparty ,Corporate sector of the reporting counterparty,Financial or non-financial nature of the counterparty ,Nature of the reporting counterparty ,Broker ID,Clearing member ID,Type of ID of the Beneficiary ,Beneficiary ID,Trading capacity,Counterparty side,Directly linked to commercial activity or treasury financing,Clearing threshold,Taxonomy used ,Product ID 1 ,Product ID 2 ,Contract type ,Asset class ,Product classification type ,Product classification ,Product identification type ,Product identification ,Underlying identification type ,Underlying identification,Deliverable currency,Option type,Option exercise style,Strike price (cap/floor rate),Strike price notation,Maturity date of the underlying ,Venue of Execution,Compression,Price / rate,Price notation,Currency of price ,Notional,Notional currency 1,Notional currency 2,Price multiplier,Quantity,Up-front payment,Delivery type,Execution timestamp,Effective date,Maturity date,Termination date,Settlement date,Master Agreement type,Master Agreement version,Confirmation timestamp,Confirmation means,Clearing obligation,Cleared,Clearing timestamp,CCP,Intragroup,Fixed rate of leg 1,Fixed rate of leg 2,Fixed rate day count ,Fixed rate day count leg 1 ,Fixed rate day count leg 2 ,Fixed leg payment frequency ,Fixed rate payment frequency leg 1 -time period ,Fixed rate payment frequency leg 1 - multiplier ,Fixed rate payment frequency leg 2 - time period ,Fixed rate payment frequency leg 2 - multiplier ,Floating rate payment frequency ,Floating rate payment frequency leg 1 - time period ,Floating rate payment frequency leg 1 - multiplier ,Floating rate payment frequency leg 2 - time period ,Floating rate payment frequency leg 2 - multiplier ,Floating rate reset frequency ,Floating rate reset frequency leg 1 - time period ,Floating rate reset frequency leg 1 - multiplier ,Floating rate reset frequency leg 2- time period ,Floating rate reset frequency leg 2 - multiplier ,Floating rate of leg 1,Floating rate reference period leg 1 - time period ,Floating rate reference period leg 1 - multiplier ,Floating rate of leg 2,Floating rate reference period leg 2 - time period ,Floating rate reference period leg 2 -multiplier ,Delivery currency 2,Exchange rate 1,Forward exchange rate,Exchange rate basis,Commodity base,Commodity details,Delivery point or zone,Interconnection Point,Load type,Load delivery intervals ,Delivery start date and time,Delivery end date and time,Duration ,Days of the week ,Contract capacity ,Delivery capacity ,Quantity Unit,Price/time interval quantities,Seniority ,Reference entity ,Frequency of payment ,The calculation basis ,Series ,Version ,Index factor ,Tranche ,Attachment point ,Detachment point ,Value of contract,Currency of the value,Valuation timestamp,Valuation type,Collateralisation,Collateral portfolio,Collateral portfolio code,Value of the collateral ,Currency of the collateral value ,Initial margin posted ,Currency of the initial margin posted ,Variation margin posted ,Currency of the variation margins posted ,Initial margin received ,Currency of the initial margin received ,Variation margin received ,Currency of the variation margins received ,Excess collateral posted ,Currency of the excess collateral posted ,Excess collateral received ,Currency of the excess collateral received ,Pairing Status,Pairing Source,Matching Status,Reserved - Participant Use 1,Reserved - Participant Use 2,Reserved - Participant Use 3,Reserved - Participant Use 4,Reserved - Participant Use 5,Valuation Data Submitter,Collateral Link Data Submitter,Collateral Value Data Submitter, Settlement Date 2,Trade Party 1 - Mandatory Delegated Reporting,Trade Party 2 - Mandatory Delegated Reporting
Allege,RR3QWICWWIPCS8A4S074FX00824100LN015938D,,,24100LN905724G,213800JCBMV4BGSVIB06,LEI,RR3QWICWWIPCS8A4S074,,,V,T,2024-04-09T11:38:14Z,RR3QWICWWIPCS8A4S074,OTC,,,,,,GB,F,,F,withheld,withheld,withheld,withheld,withheld,S,withheld,withheld,,,,OP,CU,C,HFTAVP,I,EZBM303KFTF5,,,EUR,C,E,1.186,U,,XOFF,N,0,U,GBP,25000,EUR,GBP,1,1,,P,2024-04-09T11:38:00Z,09-04-2024,11-09-2024,,13-09-2024,ISDA,2002,,N,X,N,,,N,,,,,,,,,,,,,,,,,,,,,,,,,,,GBP,1.186,,GBP/EUR,,,,,,,,,,,,,,,,,,,,,,,,,-243.7003814,GBP,2024-06-11T17:33:53Z,M,PC,Y,OTC1501123871NWM,,,,,1040000,GBP,,,0,GBP,0,GBP,0,GBP,PAIRED,GTR,RECONCILED,,,,,,RR3QWICWWIPCS8A4S074,,RR3QWICWWIPCS8A4S074,,,
Trade,549300SDDJE84DDJNB30615808202L0A0,L240326A32BC4,,,RR3QWICWWIPCS8A4S074,LEI,213800CN1RI3UCIZWB95,,,V,T,2024-03-26T12:47:03Z,RR3QWICWWIPCS8A4S074,OTC,,,,,,GB,C,,F,,,LEI,RR3QWICWWIPCS8A4S074,P,S,,,,,,FW,CU,C,JFTXFP,I,EZ5PZYZWL4V5,,,EUR,,,,,,TRAL,N,1.148393,U,EUR,125160,EUR,GBP,1,1,,P,2024-03-26T12:16:14Z,26-03-2024,17-04-2025,,17-04-2025,ISDA,1992,,N,X,N,,,N,,,,,,,,,,,,,,,,,,,,,,,,,,,GBP,,1.148393,GBP/EUR,,,,,,,,,,,,,,,,,,,,,,,,,1981.463944,GBP,2024-06-11T18:34:49Z,M,U,,,,,,,,,,,,,,,,,PAIRED,GTR,RECONCILED,,,,,,RR3QWICWWIPCS8A4S074,,,,,
Trade,UPPK3261S5D7DR01JY66GBL6085970H0,L240209A15ED5,,,RR3QWICWWIPCS8A4S074,LEI,MP6I5ZYZBEU3UXPYFY54,,,V,T,2024-02-09T09:13:23Z,RR3QWICWWIPCS8A4S074,OTC,,,,,,GB,C,,F,,,LEI,RR3QWICWWIPCS8A4S074,P,B,,,,,,FW,CU,C,JFTXFP,I,EZY0FXF72ZH9,,,CNY,,,,,,XOFF,N,7.140218,U,CNY,14837373,CNY,USD,1,1,,P,2024-02-09T08:40:40Z,09-02-2024,31-07-2024,,31-07-2024,ISDA,1992,2024-02-09T09:13:23Z,E,X,N,,,N,,,,,,,,,,,,,,,,,,,,,,,,,,,USD,,7.140218,USD/CNY,,,,,,,,,,,,,,,,,,,,,,,,,-23446.73739,GBP,2024-06-11T18:34:49Z,M,FC,Y,OTC19000206NWM,,,107401577.6,USD,0,GBP,115644018.6,USD,45466067.77,GBP,0,GBP,0,GBP,PAIRED,GTR,UNMATCHED,,,,,,RR3QWICWWIPCS8A4S074,,RR3QWICWWIPCS8A4S074,,,
Allege,7S6O0HR48AGBLL5442212,7S6O0HR48AGBLL5442212,,,MP6I5ZYZBEU3UXPYFY54,LEI,RR3QWICWWIPCS8A4S074,,,V,T,2024-04-24T13:07:16Z,MP6I5ZYZBEU3UXPYFY54,OTC,,,,,,GB,F,,F,withheld,withheld,withheld,withheld,withheld,S,withheld,withheld,,,,OP,CU,C,HFTDVP,I,EZ2DVY5QMF40,,,EUR,P,E,1.051,U,,GFSO,N,104500,U,USD,20000000,EUR,USD,1,1,,P,2024-04-24T12:18:58Z,24-04-2024,24-07-2024,,26-07-2024,ISDA,1992,2024-04-24T12:18:58Z,E,X,N,,,N,,,,,,,,,,,,,,,,,,,,,,,,,,,USD,1.051,,EUR/USD,,,,,,,,,,,,,,,,,,,,,,,,,withheld,withheld,withheld,withheld,withheld,withheld,withheld,withheld,withheld,withheld,withheld,withheld,withheld,withheld,withheld,withheld,withheld,withheld,withheld,withheld,withheld,UNPAIRED,NONE,PENDING,,,,,,MP6I5ZYZBEU3UXPYFY54,,MP6I5ZYZBEU3UXPYFY54,,,
Trade,549300SDDJE84DDJNB30639451071L0A0,L240612A4D0DB,,,RR3QWICWWIPCS8A4S074,LEI,QP3XKRKS0CX2T3O07L95,,,M,T,2024-06-12T14:39:19Z,RR3QWICWWIPCS8A4S074,OTC,,,,,,GB,C,,F,,,LEI,RR3QWICWWIPCS8A4S074,P,B,,,,,,FW,CU,C,JFTXFP,I,EZ86CD8HNRP0,,,EUR,,,,,,TRAL,N,1.103732,U,USD,5758.78,EUR,USD,1,1,,P,2024-06-12T14:28:40Z,12-06-2024,14-07-2025,,14-07-2025,ISDA,1992,,N,X,N,,,N,,,,,,,,,,,,,,,,,,,,,,,,,,,USD,,1.103732,EUR/USD,,,,,,,,,,,,,,,,,,,,,,,,,,,,,,,,,,,,,,,,,,,,,,,,,,,,,,,,,,,
Allege,10302389178F07971BF4A747078722B7269E3C33FE,,,,4PQUHN3JPFGFNF3BB653,LEI,RR3QWICWWIPCS8A4S074,,RR3QWICWWIPCS8A4S074,M,T,2024-06-12T15:49:29Z,4PQUHN3JPFGFNF3BB653,OTC,,,,,,GB,F,,F,withheld,withheld,withheld,withheld,withheld,B,withheld,withheld,,,,FW,CU,C,JFTXFP,I,EZ9QH8S1DPB8,NA,NA,USD,,,,,,XOFF,N,18.980635,U,ZAR,4392.53,USD,ZAR,1,1,,P,2024-06-05T14:18:27Z,05-06-2024,12-08-2024,,12-08-2024,ISDA Master Agreement,1992,2024-06-05T14:19:19Z,E,X,N,,,N,,,,,,,,,,,,,,,,,,,,,,,,,,,ZAR,18.980635,,USD/ZAR,,,,,,,,,,,,,,,,,,,,,,,,,withheld,withheld,withheld,withheld,withheld,withheld,withheld,withheld,withheld,withheld,withheld,withheld,withheld,withheld,withheld,withheld,withheld,withheld,withheld,withheld,withheld,,,,,,,,,,,,,,
Trade,549300SDDJE84DDJNB30639269067L1A3,L240612A0CBD5,,,RR3QWICWWIPCS8A4S074,LEI,XZYM01I1402576QWNU05,,,M,T,2024-06-12T06:51:51Z,RR3QWICWWIPCS8A4S074,OTC,,,,,,GB,C,,F,,,LEI,RR3QWICWWIPCS8A4S074,P,B,,,,,,FW,CU,C,JFTXFP,I,EZ32FMMMCWH2,,,GBP,,,,,,TRAL,N,200.2981,U,JPY,11611.33,GBP,JPY,1,1,,P,2024-06-12T06:39:58Z,12-06-2024,17-06-2024,,17-06-2024,ISDA,1992,,N,X,N,,,N,,,,,,,,,,,,,,,,,,,,,,,,,,,JPY,,200.2981,GBP/JPY,,,,,,,,,,,,,,,,,,,,,,,,,,,,,,,,,,,,,,,,,,,,,,,,,,,,,,,,,,,
Allege,RR3QWICWWIPCS8A4S074FX120L230627A2014E,L230627A2014E,,,RR3QWICWWIPCS8A4S074,LEI,X3CZP3CK64YBHON1LE12,,,V,T,2023-06-27T08:53:39Z,RR3QWICWWIPCS8A4S074,OTC,,,,,,NL,C,,F,withheld,withheld,withheld,withheld,withheld,S,withheld,withheld,,,,FW,CU,C,JFTXFP,I,EZJ32XL5BDY8,,,EUR,,,,,,XOFF,N,1.1150225,U,USD,500000,EUR,USD,1,1,,P,2023-06-27T08:53:33Z,27-06-2023,27-08-2024,,27-08-2024,ISDA,2002,2023-06-27T08:53:33Z,E,X,N,,,Y,,,,,,,,,,,,,,,,,,,,,,,,,,,USD,,1.1150225,EUR/USD,,,,,,,,,,,,,,,,,,,,,,,,,withheld,withheld,withheld,withheld,withheld,withheld,withheld,withheld,withheld,withheld,withheld,withheld,withheld,withheld,withheld,withheld,withheld,withheld,withheld,withheld,withheld,EXEMPT,NONE,EXEMPT,,,,,,RR3QWICWWIPCS8A4S074,,RR3QWICWWIPCS8A4S074,,,
Trade,RR3QWICWWIPCS8A4S074FX120L240415A59573,L240415A59573,,,RR3QWICWWIPCS8A4S074,LEI,213800DJIORYBTZ3LP66,,,V,T,2024-04-16T15:30:20Z,RR3QWICWWIPCS8A4S074,OTC,,,,,,GB,C,,F,,,LEI,RR3QWICWWIPCS8A4S074,P,S,,,,,,FW,CU,C,JFTXFP,I,EZPH29L1MS61,,,GBP,,,,,,XOFF,N,1.257207,U,USD,1590827.92,GBP,USD,1,1,,P,2024-04-15T15:26:07Z,15-04-2024,30-04-2026,,30-04-2026,ISDA,2002,2024-04-16T15:30:14Z,E,X,N,,,N,,,,,,,,,,,,,,,,,,,,,,,,,,,USD,,1.257207,GBP/USD,,,,,,,,,,,,,,,,,,,,,,,,,-19651.61607,GBP,2024-06-11T18:34:49Z,M,U,,,,,,,,,,,,,,,,,PAIRED,GTR,RECONCILED,,,,,,RR3QWICWWIPCS8A4S074,,,,,
Trade,10302094521006T385994520,L240130A25446,,L240130A25445,RR3QWICWWIPCS8A4S074,LEI,G5GSEF7VJP5I7OUK5573,,,V,T,2024-01-30T23:07:53Z,RR3QWICWWIPCS8A4S074,OTC,,,,,,GB,C,,F,,,LEI,RR3QWICWWIPCS8A4S074,P,B,,,,,,FW,CU,C,JFTXFP,I,EZ9S23Z00474,,,SEK,,,,,,XOFF,N,10.34245,U,SEK,1016000000,SEK,USD,1,1,,P,2024-01-30T11:16:50Z,30-01-2024,01-07-2024,,01-07-2024,ISDA,1992,2024-01-30T11:23:48Z,E,X,N,,,N,,,,,,,,,,,,,,,,,,,,,,,,,,,USD,,10.34245,USD/SEK,,,,,,,,,,,,,,,,,,,,,,,,,-1213275.202,GBP,2024-06-11T18:34:49Z,M,FC,Y,OTC19000100NWM,,,98177903.63,GBP,0,GBP,88810843.25,GBP,137787123.6,GBP,0,GBP,0,GBP,PAIRED,GTR,MATCHED,,,,,,RR3QWICWWIPCS8A4S074,,RR3QWICWWIPCS8A4S074,,,
Trade,WYFIFDMB6P367341020424,24093LN088169D,,,RR3QWICWWIPCS8A4S074,LEI,549300WYFIFDMB6POR04,,,V,T,2024-04-02T19:35:12Z,RR3QWICWWIPCS8A4S074,OTC,,,,,,GB,C,,F,,,LEI,RR3QWICWWIPCS8A4S074,P,B,,,,,,OP,CU,C,HFTDVP,I,EZJKP60FJSC0,,,CHF,C,E,1.18,U,,XOFF,N,207500,U,GBP,295000000,CHF,GBP,1,1,,P,2024-04-02T14:45:19Z,02-04-2024,03-07-2024,,05-07-2024,ISDA,2002,,N,X,N,,,N,,,,,,,,,,,,,,,,,,,,,,,,,,,GBP,1.18,,GBP/CHF,,,,,,,,,,,,,,,,,,,,,,,,,77619.31835,GBP,2024-06-11T17:33:53Z,M,PC,Y,OTC1501087327NWM,,,,,0,GBP,,,3585083.78,GBP,0,GBP,0,GBP,UNPAIRED,NONE,PENDING,,,,,,RR3QWICWWIPCS8A4S074,,RR3QWICWWIPCS8A4S074,,,
Trade,RR3QWICWWIPCS8A4S074FX00824163LN090513D,24163LN090513D,,,RR3QWICWWIPCS8A4S074,LEI,254900YDHRIVFROLV916,,549300LPS48DJ96NXT15,V,T,2024-06-11T11:53:36Z,RR3QWICWWIPCS8A4S074,OTC,,,,,,KY,C,,F,,,LEI,RR3QWICWWIPCS8A4S074,P,B,,,,,,OP,CU,C,HFTDVP,I,EZ11JH5Y10F5,,,USD,P,E,18.1818,U,,XOFF,N,1650,U,USD,302500.3,USD,ZAR,1,1,,P,2024-06-11T10:17:37Z,11-06-2024,09-07-2024,,11-07-2024,ISDA,1992,2024-06-11T11:53:35Z,E,X,N,,,N,,,,,,,,,,,,,,,,,,,,,,,,,,,ZAR,18.1818,,USD/ZAR,,,,,,,,,,,,,,,,,,,,,,,,,-9.41026863,GBP,2024-06-11T17:33:53Z,M,PC,Y,OTC1501143680NWM,,,,,0,GBP,,,6348697.65,USD,0,GBP,0,GBP,EXEMPT,NONE,EXEMPT,,,,,,RR3QWICWWIPCS8A4S074,,RR3QWICWWIPCS8A4S074,,,
Allege,1030238917059L11RP70100000000000031058552P,,,2406063PJKK1M01K8CODAIHHKIJK71X,4PQUHN3JPFGFNF3BB653,LEI,RR3QWICWWIPCS8A4S074,,549300WYFIFDMB6POR04,V,T,2024-06-07T10:19:50Z,4PQUHN3JPFGFNF3BB653,OTC,,,,,,GB,F,,F,withheld,withheld,withheld,withheld,withheld,S,withheld,withheld,,,,OP,CU,C,HFTAVP,I,EZZ6T5LDV3B7,NA,NA,MXN,C,E,17.4,U,,XOFF,N,983100,U,USD,2610000000,MXN,USD,1,1,,P,2024-06-06T14:29:28Z,06-06-2024,26-06-2024,,28-06-2024,ISDA Master Agreement,1992,2024-06-07T10:19:47Z,E,X,N,,,N,,,,,,,,,,,,,,,,,,,,,,,,,,,USD,17.4,,USD/MXN,,,,,,,,,,,,,,,,,,,,,,,,,withheld,withheld,withheld,withheld,withheld,withheld,withheld,withheld,withheld,withheld,withheld,withheld,withheld,withheld,withheld,withheld,withheld,withheld,withheld,withheld,withheld,PAIRED,GTR,UNMATCHED,,,,,,4PQUHN3JPFGFNF3BB653,,4PQUHN3JPFGFNF3BB653,,,
Trade,1030272448FX120N220921A4F1A2,N220921A4F1A2,,,RR3QWICWWIPCS8A4S074,LEI,549300LQ1BU1FJUP9159,,,V,T,2022-09-22T13:35:52Z,RR3QWICWWIPCS8A4S074,OTC,,,,,,GB,C,,F,,,LEI,RR3QWICWWIPCS8A4S074,P,B,,,,,,FW,CU,C,JFTXFP,I,EZQGRD0WYF41,,,EUR,,,,,,XXXX,N,0.9505,U,GBP,400000,EUR,GBP,1,1,,P,2022-09-21T16:32:21Z,21-09-2022,20-09-2030,,20-09-2030,ISDA,1992,2022-09-22T09:23:34Z,E,X,N,,,N,,,,,,,,,,,,,,,,,,,,,,,,,,,GBP,,0.9505,EUR/GBP,,,,,,,,,,,,,,,,,,,,,,,,,-11312.72749,GBP,2024-06-11T18:34:49Z,M,U,,,,,,,,,,,,,,,,,UNPAIRED,NONE,PENDING,,,,,,RR3QWICWWIPCS8A4S074,,,,,
Allege,RR3QWICWWIPCS8A4S074FX120L240605A19A98,L240605A19A98,,,RR3QWICWWIPCS8A4S074,LEI,X3CZP3CK64YBHON1LE12,,,V,T,2024-06-05T07:48:17Z,RR3QWICWWIPCS8A4S074,OTC,,,,,,NL,C,,F,withheld,withheld,withheld,withheld,withheld,B,withheld,withheld,,,,FW,CU,C,JFTXFP,I,EZ7NJQZTG600,,,EUR,,,,,,XOFF,N,1.089675,U,USD,18618,EUR,USD,1,1,,P,2024-06-05T07:48:09Z,05-06-2024,22-07-2024,,22-07-2024,ISDA,2002,2024-06-05T07:48:09Z,E,X,N,,,Y,,,,,,,,,,,,,,,,,,,,,,,,,,,USD,,1.089675,EUR/USD,,,,,,,,,,,,,,,,,,,,,,,,,withheld,withheld,withheld,withheld,withheld,withheld,withheld,withheld,withheld,withheld,withheld,withheld,withheld,withheld,withheld,withheld,withheld,withheld,withheld,withheld,withheld,EXEMPT,NONE,EXEMPT,,,,,,RR3QWICWWIPCS8A4S074,,RR3QWICWWIPCS8A4S074,,,
Trade,BFM8T61CT2L1QCEMIK50MOR00000000000000000008256420775,L240417A43668,,,RR3QWICWWIPCS8A4S074,LEI,BFM8T61CT2L1QCEMIK50,,,V,T,2024-05-16T10:53:00Z,RR3QWICWWIPCS8A4S074,OTC,,,,,,CH,C,,F,254900ZJMT6C9Q34KF84,,LEI,RR3QWICWWIPCS8A4S074,P,B,,,,,,FW,CU,C,JFTXFP,I,EZDZHDH1RL26,,,CAD,,,,,,XOFF,N,1.37933416,U,CAD,46310091.58,CAD,USD,1,1,,P,2024-04-17T14:58:27Z,17-04-2024,03-07-2024,,03-07-2024,ISDA,1992,2024-04-17T15:48:27Z,E,X,N,,,N,,,,,,,,,,,,,,,,,,,,,,,,,,,USD,,1.37933416,USD/CAD,,,,,,,,,,,,,,,,,,,,,,,,,49663.40809,GBP,2024-06-11T18:34:49Z,M,FC,Y,OTC19000315NWM,,,31569700.4,EUR,0,GBP,74808355.3,EUR,121421124.6,USD,0,GBP,0,GBP,EXEMPT,NONE,EXEMPT,,,,,,RR3QWICWWIPCS8A4S074,,RR3QWICWWIPCS8A4S074,,,
Trade,RR3QWICWWIPCS8A4S074FX120L230912A41CA6,L230912A41CA6,,,RR3QWICWWIPCS8A4S074,LEI,5493003EETVWYSIJ5A20,,,V,T,2023-09-13T14:15:11Z,RR3QWICWWIPCS8A4S074,OTC,,,,,,GB,C,,F,,,LEI,RR3QWICWWIPCS8A4S074,P,S,,,,,,FW,CU,C,JFTXFC,I,EZV6PQLRQN79,,,USD,,,,,,XOFF,N,5.103,U,BRL,20412000,BRL,USD,1,1,,C,2023-09-12T13:59:34Z,12-09-2023,18-06-2024,,18-06-2024,ISDA,2002,2023-09-13T14:15:05Z,Y,X,N,,,N,,,,,,,,,,,,,,,,,,,,,,,,,,,,,5.103,USD/BRL,,,,,,,,,,,,,,,,,,,,,,,,,149088.4062,GBP,2024-06-11T18:34:49Z,M,FC,Y,OTC1501155535NWM,,,0,GBP,0,GBP,0,GBP,18648246.26,USD,0,GBP,0,GBP,UNPAIRED,NONE,PENDING,,,,,,RR3QWICWWIPCS8A4S074,,RR3QWICWWIPCS8A4S074,,,
Trade,DGQCSV2PHVF7I274353900000000000VIP20240610TS53948477,24162LN084737D,,,RR3QWICWWIPCS8A4S074,LEI,DGQCSV2PHVF7I2743539,,,V,T,2024-06-10T12:53:21Z,RR3QWICWWIPCS8A4S074,OTC,,,,,,GB,C,,F,549300WXUYR1CMLDQF25,,LEI,RR3QWICWWIPCS8A4S074,P,S,,,,,,OP,CU,C,HFTDVP,I,EZBLFS7CPZ73,,,EUR,P,E,1.06,U,,XOFF,N,555500,U,EUR,100000000,EUR,USD,1,1,,P,2024-06-10T11:16:23Z,10-06-2024,10-09-2024,,12-09-2024,ISDA,1992,2024-06-10T12:53:21Z,E,X,N,,,N,,,,,,,,,,,,,,,,,,,,,,,,,,,USD,1.06,,EUR/USD,,,,,,,,,,,,,,,,,,,,,,,,,-105353.0358,GBP,2024-06-11T17:33:53Z,M,FC,Y,OTC19000490NWM,,,24638526.24,EUR,0,GBP,29253433.22,EUR,49179504.28,EUR,0,GBP,0,GBP,PAIRED,GTR,UNMATCHED,,,,,,RR3QWICWWIPCS8A4S074,,RR3QWICWWIPCS8A4S074,,,
Trade,RR3QWICWWIPCS8A4S074FX120L240312A3933E,L240312A3933E,,L240312A3933D,RR3QWICWWIPCS8A4S074,LEI,549300J3PBZ1L3DJOB54,,,V,T,2024-03-12T12:57:22Z,RR3QWICWWIPCS8A4S074,OTC,,,,,,US,C,,F,,,LEI,RR3QWICWWIPCS8A4S074,P,B,,,,,,FW,CU,C,JFTXFP,I,EZF0HP42P4L6,,,HUF,,,,,,XOFF,N,365.2858,U,HUF,4332000000,HUF,USD,1,1,,P,2024-03-12T12:47:59Z,12-03-2024,20-06-2024,,20-06-2024,ISDA,1992,,N,X,N,,,N,,,,,,,,,,,,,,,,,,,,,,,,,,,USD,,365.2858,USD/HUF,,,,,,,,,,,,,,,,,,,,,,,,,-84821.60733,GBP,2024-06-11T18:34:49Z,M,PC,Y,OTC19100419NWM,,,,,0,GBP,,,0,GBP,0,GBP,0,GBP,EXEMPT,NONE,EXEMPT,,,,,,RR3QWICWWIPCS8A4S074,,RR3QWICWWIPCS8A4S074,,,
Trade,RR3QWICWWIPCS8A4S074FX120L240524A282E0,L240524A282E0,,,RR3QWICWWIPCS8A4S074,LEI,549300KSDWWJ3BBJ8W62,,LO3UDTZUG0RICVPFGQ53,V,T,2024-05-24T18:54:07Z,RR3QWICWWIPCS8A4S074,OTC,,,,,,US,C,,F,549300FQIJOSVOCB4V70,,LEI,RR3QWICWWIPCS8A4S074,P,S,,,,,,FW,CU,C,JFTXFP,I,EZ55W21KTNG5,,,JPY,,,,,,XOFF,N,154.3378,U,JPY,497561098,JPY,USD,1,1,,P,2024-05-24T15:12:39Z,24-05-2024,18-09-2024,,18-09-2024,ISDA,2002,2024-05-24T18:53:53Z,E,X,N,,,N,,,,,,,,,,,,,,,,,,,,,,,,,,,USD,,154.3378,USD/JPY,,,,,,,,,,,,,,,,,,,,,,,,,11111.21254,GBP,2024-06-11T18:34:49Z,M,PC,Y,OTC1451149522NWM,,,,,560000,USD,,,0,GBP,0,GBP,0,GBP,EXEMPT,NONE,EXEMPT,,,,,,RR3QWICWWIPCS8A4S074,,RR3QWICWWIPCS8A4S074,,,
Trade,F226TOH6YD6XJB17KS62FXR1516650106,L240524A43EB7,,,RR3QWICWWIPCS8A4S074,LEI,F226TOH6YD6XJB17KS62,,,V,T,2024-05-27T17:21:07Z,RR3QWICWWIPCS8A4S074,OTC,,,,,,GB,C,,F,,,LEI,RR3QWICWWIPCS8A4S074,P,S,,,,,,FW,CU,C,JFTXFC,I,EZ8VD70S6J92,,,USD,,,,,,XOFF,N,83.1448,U,INR,8314480,INR,USD,1,1,,C,2024-05-24T17:16:58Z,24-05-2024,28-06-2024,,28-06-2024,,,2024-05-24T17:18:01Z,E,N,Y,2024-05-24T17:18:01Z,F226TOH6YD6XJB17KS62,N,,,,,,,,,,,,,,,,,,,,,,,,,,,,,83.1448,USD/INR,,,,,,,,,,,,,,,,,,,,,,,,,579.33,USD,2024-06-11T23:59:59Z,C,OC,Y,OTC1501011772NWM,,,147762371.1,USD,0,GBP,,,37643359.71,USD,0,GBP,0,GBP,PAIRED,UVTR,UNMATCHED,,,,,,RR3QWICWWIPCS8A4S074,,RR3QWICWWIPCS8A4S074,,,
Allege,RR3QWICWWIPCS8A4S074FX120L231212A42DBB,L231212A42DBB,,,RR3QWICWWIPCS8A4S074,LEI,X3CZP3CK64YBHON1LE12,,,V,T,2023-12-12T15:15:28Z,RR3QWICWWIPCS8A4S074,OTC,,,,,,NL,C,,F,withheld,withheld,withheld,withheld,withheld,S,withheld,withheld,,,,FW,CU,C,JFTXFP,I,EZ39S8HHYV78,,,NOK,,,,,,XOFF,N,10.858197,U,NOK,8337462.72,NOK,USD,1,1,,P,2023-12-12T15:15:08Z,12-12-2023,20-06-2024,,20-06-2024,ISDA,2002,2023-12-12T15:15:08Z,Y,X,N,,,Y,,,,,,,,,,,,,,,,,,,,,,,,,,,USD,,10.858197,USD/NOK,,,,,,,,,,,,,,,,,,,,,,,,,withheld,withheld,withheld,withheld,withheld,withheld,withheld,withheld,withheld,withheld,withheld,withheld,withheld,withheld,withheld,withheld,withheld,withheld,withheld,withheld,withheld,EXEMPT,NONE,EXEMPT,,,,,,RR3QWICWWIPCS8A4S074,,RR3QWICWWIPCS8A4S074,,,
Allege,RR3QWICWWIPCS8A4S074FX120L240528A007DD,,,,2138004MV6H1LFK9NI32,LEI,RR3QWICWWIPCS8A4S074,,,M,T,2024-05-29T08:48:20Z,RR3QWICWWIPCS8A4S074,OTC,,,,,,GB,7,,N,withheld,withheld,withheld,withheld,withheld,S,withheld,withheld,,,,FW,CU,C,JFTXFP,I,EZWTZ9Q8W4T2,,,GBP,,,,,,XOFF,N,1.277528,U,USD,18233651.24,GBP,USD,1,1,,P,2024-05-28T15:05:26Z,28-05-2024,08-07-2024,,08-07-2024,ISDA,2002,2024-05-29T08:48:20Z,E,X,N,,,N,,,,,,,,,,,,,,,,,,,,,,,,,,,USD,,1.277528,GBP/USD,,,,,,,,,,,,,,,,,,,,,,,,,withheld,withheld,withheld,withheld,withheld,withheld,withheld,withheld,withheld,withheld,withheld,withheld,withheld,withheld,withheld,withheld,withheld,withheld,withheld,withheld,withheld,PAIRED,GTR,RECONCILED,,,,,,,,,,,
Trade,5493001KJTIIGC8Y1R12BBG0000000000B653F7597B23C0083,L231030A555C3,,L231030A555C2,RR3QWICWWIPCS8A4S074,LEI,EQTWLK1G7ODGC2MGLV11,,,V,T,2023-10-30T20:17:12Z,RR3QWICWWIPCS8A4S074,OTC,,,,,,US,C,,F,549300ROEJDDAXM6LU05,,LEI,RR3QWICWWIPCS8A4S074,P,B,,,,,,FW,CU,C,JFTXFP,I,EZB8HJQ26GT2,,,GBP,,,,,,XOFF,N,1.219809,U,USD,26500000,GBP,USD,1,1,,P,2023-10-30T20:03:16Z,30-10-2023,19-11-2024,,19-11-2024,ISDA,1992,2023-10-30T20:17:12Z,E,X,N,,,N,,,,,,,,,,,,,,,,,,,,,,,,,,,USD,,1.219809,GBP/USD,,,,,,,,,,,,,,,,,,,,,,,,,1086010.268,GBP,2024-06-11T18:34:49Z,M,FC,Y,OTC14504758NWM,,,0,GBP,31920000,USD,0,GBP,0,GBP,0,GBP,0,GBP,EXEMPT,NONE,EXEMPT,,,,,,RR3QWICWWIPCS8A4S074,,RR3QWICWWIPCS8A4S074,,,
Trade,RR3QWICWWIPCS8A4S074FX120L240412A44819,L240412A44819,,L240412A44818,RR3QWICWWIPCS8A4S074,LEI,549300HD504TOKHT5737,,EMTKKMJN2BHVKBWS4553,V,T,2024-05-15T08:59:13Z,RR3QWICWWIPCS8A4S074,OTC,,,,,,KY,C,,F,,,LEI,RR3QWICWWIPCS8A4S074,P,B,,,,,,FW,CU,C,JFTXFP,I,EZ80R30KD4D5,,,AUD,,,,,,XOFF,N,0.890894,U,CAD,2009.37,AUD,CAD,1,1,,P,2024-04-12T18:57:23Z,12-04-2024,20-06-2024,,20-06-2024,ISDA,1992,2024-04-12T19:18:24Z,E,X,N,,,N,,,,,,,,,,,,,,,,,,,,,,,,,,,CAD,,0.890894,AUD/CAD,,,,,,,,,,,,,,,,,,,,,,,,,19.79102945,GBP,2024-06-11T18:34:49Z,M,FC,Y,OTC1451114280NWM,,,0,GBP,0,GBP,0,GBP,410000,USD,0,GBP,0,GBP,EXEMPT,NONE,EXEMPT,,,,,,RR3QWICWWIPCS8A4S074,,RR3QWICWWIPCS8A4S074,,,
Trade,5493004U2OZSNOP2ML97619260275L1A0,L240410A552C7,,L240410A552C6,RR3QWICWWIPCS8A4S074,LEI,7H6GLXDRUGQFU57RNE97,,,V,T,2024-04-10T14:19:25Z,RR3QWICWWIPCS8A4S074,OTC,,,,,,US,C,,F,,,LEI,RR3QWICWWIPCS8A4S074,P,S,,,,,,FW,CU,C,JFTXFP,I,EZB1B0FTK4T2,,,CHF,,,,,,XOFF,N,0.877443,U,CHF,125000,CHF,USD,1,1,,P,2024-04-10T14:04:12Z,10-04-2024,19-03-2025,,19-03-2025,ISDA,1992,2024-04-10T14:04:12Z,E,X,N,,,N,,,,,,,,,,,,,,,,,,,,,,,,,,,USD,,0.877443,USD/CHF,,,,,,,,,,,,,,,,,,,,,,,,,-801.1631095,GBP,2024-06-11T18:34:49Z,M,FC,Y,OTC19000251NWM,,,119878123.9,GBP,0,GBP,131742638.8,GBP,201246517.3,GBP,0,GBP,0,GBP,EXEMPT,NONE,EXEMPT,,,,,,RR3QWICWWIPCS8A4S074,,RR3QWICWWIPCS8A4S074,,,
Trade,F226TOH6YD6XJB17KS62FXR2516761756,L240530A0634B,,,RR3QWICWWIPCS8A4S074,LEI,F226TOH6YD6XJB17KS62,,,V,T,2024-05-31T08:51:06Z,RR3QWICWWIPCS8A4S074,OTC,,,,,,GB,C,,F,,,LEI,RR3QWICWWIPCS8A4S074,P,B,,,,,,FW,CU,C,JFTXFC,I,EZBBTCZ1L334,,,USD,,,,,,XEBS,N,32.39,U,TWD,32390000,TWD,USD,1,1,,C,2024-05-30T08:47:22Z,30-05-2024,03-07-2024,,03-07-2024,,,2024-05-30T08:47:52Z,E,N,Y,2024-05-30T08:47:52Z,F226TOH6YD6XJB17KS62,N,,,,,,,,,,,,,,,,,,,,,,,,,,,,,32.39,USD/TWD,,,,,,,,,,,,,,,,,,,,,,,,,1101.7,USD,2024-06-11T23:59:59Z,C,OC,Y,OTC1501011772NWM,,,147762371.1,USD,0,GBP,,,37643359.71,USD,0,GBP,0,GBP,PAIRED,UVTR,UNMATCHED,,,,,,RR3QWICWWIPCS8A4S074,,RR3QWICWWIPCS8A4S074,,,
Allege,RR3QWICWWIPCS8A4S074FX00823250LN050256D,,,23250LN289087G,213800OMDTVWIIX95Y89,LEI,RR3QWICWWIPCS8A4S074,,,N,T,2023-09-07T11:06:30Z,RR3QWICWWIPCS8A4S074,OTC,,,,,,GB,11,,N,withheld,withheld,withheld,withheld,withheld,S,withheld,withheld,,,,OP,CU,C,HFTABP,,,,,EUR,C,E,1.082,U,,XXXX,N,0,U,GBP,2772643.253,EUR,USD,1,1,,P,2023-09-07T11:06:25Z,07-09-2023,28-06-2024,,02-07-2024,ISDA,2002,,N,X,N,,,N,,,,,,,,,,,,,,,,,,,,,,,,,,,USD,1.082,,EUR/USD,,,,,,,,,,,,,,,,,,,,,,,,,withheld,withheld,withheld,withheld,withheld,withheld,withheld,withheld,withheld,withheld,withheld,withheld,withheld,withheld,withheld,withheld,withheld,withheld,withheld,withheld,withheld,PAIRED,GTR,RECONCILED,,,,,,,,,,,
Allege,RR3QWICWWIPCS8A4S074FX120L240610A2721E,,,,213800J3DP278ZUVOD11,LEI,RR3QWICWWIPCS8A4S074,,,M,T,2024-06-11T11:06:09Z,RR3QWICWWIPCS8A4S074,OTC,,,,,,GB,11,,N,withheld,withheld,withheld,withheld,withheld,B,withheld,withheld,,,,FW,CU,C,JFTXFP,I,EZ1WFCQBFLJ3,,,EUR,,,,,,XOFF,N,0.847614,U,GBP,300000,EUR,GBP,1,1,,P,2024-06-10T11:02:03Z,10-06-2024,31-07-2024,,31-07-2024,ISDA,2002,2024-06-11T11:06:06Z,Y,X,N,,,N,,,,,,,,,,,,,,,,,,,,,,,,,,,GBP,,0.847614,EUR/GBP,,,,,,,,,,,,,,,,,,,,,,,,,withheld,withheld,withheld,withheld,withheld,withheld,withheld,withheld,withheld,withheld,withheld,withheld,withheld,withheld,withheld,withheld,withheld,withheld,withheld,withheld,withheld,PAIRED,GTR,RECONCILED,,,,,,,,,,,
Allege,RR3QWICWWIPCS8A4S074FX120L240610A2BEE8,L240610A2BEE8,,,RR3QWICWWIPCS8A4S074,LEI,X3CZP3CK64YBHON1LE12,,,V,T,2024-06-10T22:07:32Z,RR3QWICWWIPCS8A4S074,OTC,,,,,,NL,C,,F,withheld,withheld,withheld,withheld,withheld,S,withheld,withheld,,,,FW,CU,C,JFTXFP,I,EZDF1KDWGPY5,,,EUR,,,,,,XOFF,N,1.076275,U,USD,250000000,EUR,USD,1,1,,P,2024-06-10T11:54:24Z,10-06-2024,03-07-2024,,03-07-2024,ISDA,2002,2024-06-10T11:54:24Z,Y,X,N,,,Y,,,,,,,,,,,,,,,,,,,,,,,,,,,USD,,1.076275,EUR/USD,,,,,,,,,,,,,,,,,,,,,,,,,withheld,withheld,withheld,withheld,withheld,withheld,withheld,withheld,withheld,withheld,withheld,withheld,withheld,withheld,withheld,withheld,withheld,withheld,withheld,withheld,withheld,EXEMPT,NONE,EXEMPT,,,,,,RR3QWICWWIPCS8A4S074,,RR3QWICWWIPCS8A4S074,,,
Trade,RR3QWICWWIPCS8A4S074FX120L240524A372B6,L240524A372B6,,,RR3QWICWWIPCS8A4S074,LEI,213800J6CDDIKPCBJG32,,,V,T,2024-05-27T14:27:09Z,RR3QWICWWIPCS8A4S074,OTC,,,,,,IE,C,,F,,,LEI,RR3QWICWWIPCS8A4S074,P,B,,,,,,FW,CU,C,JFTXFP,I,EZXN4F8JP074,,,EUR,,,,,,XOFF,N,1.14579,U,EUR,11457.9,EUR,GBP,1,1,,P,2024-05-24T14:21:46Z,24-05-2024,20-01-2026,,20-01-2026,ISDA,1992,2024-05-27T14:27:05Z,Y,X,N,,,N,,,,,,,,,,,,,,,,,,,,,,,,,,,GBP,,1.14579,GBP/EUR,,,,,,,,,,,,,,,,,,,,,,,,,-89.59828689,GBP,2024-06-11T18:34:49Z,M,U,,,,,,,,,,,,,,,,,EXEMPT,NONE,EXEMPT,,,,,,RR3QWICWWIPCS8A4S074,,,,,
Allege,1219986FXS154787,1220907,,1219986FXS154787,GBRPZ1D3FBJU0ZVRST92,LEI,RR3QWICWWIPCS8A4S074,969500S4JU30ML1J3P20,,V,T,2024-01-25T00:00:00Z,969500S4JU30ML1J3P20,OTC,LEI,GBRPZ1D3FBJU0ZVRST92,,,,GB,I,,F,withheld,withheld,withheld,withheld,withheld,S,withheld,withheld,,,,FW,CU,C,JFRXFC,,,NA,NA,EUR,,,,,,XXXX,N,0.888977,U,EUR,500000,EUR,GBP,1,1,0,C,2023-12-19T21:32:00Z,19-12-2023,04-12-2025,,,ISDA,1992,2023-12-19T21:32:00Z,E,X,N,,,N,,,,,,,,,,,,,,,,,,,,,,,,,,,GBP,0.889,,EUR/GBP,,,,,,,,,,,,,,,,,,,,,,,,,withheld,withheld,withheld,withheld,withheld,withheld,withheld,withheld,withheld,withheld,withheld,withheld,withheld,withheld,withheld,withheld,withheld,withheld,withheld,withheld,withheld,UNPAIRED,NONE,PENDING,,,,,,969500S4JU30ML1J3P20,,969500S4JU30ML1J3P20,,,
Trade,RR3QWICWWIPCS8A4S074FX120L240422A4C70D,L240422A4C70D,,,RR3QWICWWIPCS8A4S074,LEI,VNL6C0FFFJGXC1Y5SS53,,0KH67AG8S2C0UUDZ7J79,V,T,2024-04-22T15:42:46Z,RR3QWICWWIPCS8A4S074,OTC,,,,,,KY,C,,F,,,LEI,RR3QWICWWIPCS8A4S074,P,B,,,,,,FW,CU,C,JFTXFC,I,EZ68S4PJ6WD4,,,USD,,,,,,XOFF,N,83.66,U,INR,93699200,INR,USD,1,1,,C,2024-04-22T15:26:26Z,22-04-2024,24-07-2024,,24-07-2024,ISDA,1992,,N,X,N,,,N,,,,,,,,,,,,,,,,,,,,,,,,,,,,,83.66,USD/INR,,,,,,,,,,,,,,,,,,,,,,,,,-916.5710271,GBP,2024-06-11T18:34:49Z,M,FC,Y,OTC1451007830NWM,,,0,GBP,2561493.04,USD,6348495.66,USD,0,GBP,0,GBP,0,GBP,EXEMPT,NONE,EXEMPT,,,,,,RR3QWICWWIPCS8A4S074,,RR3QWICWWIPCS8A4S074,,,
Trade,RR3QWICWWIPCS8A4S074FX120L240503A25E44,L240503A25E44,,,RR3QWICWWIPCS8A4S074,LEI,549300RFE2VVP4UMDH24,,549300IYJMOSFW0SWE19,V,T,2024-05-03T10:28:06Z,RR3QWICWWIPCS8A4S074,OTC,,,,,,KY,C,,F,,,LEI,RR3QWICWWIPCS8A4S074,P,B,,,,,,FW,CU,C,JFTXFP,I,EZ1LHP5JGYG3,,,USD,,,,,,XOFF,N,18.6044635,U,ZAR,53750.54,USD,ZAR,1,1,,P,2024-05-03T09:33:00Z,03-05-2024,12-06-2024,,12-06-2024,ISDA,1992,,N,X,N,,,N,,,,,,,,,,,,,,,,,,,,,,,,,,,ZAR,,18.6044635,USD/ZAR,,,,,,,,,,,,,,,,,,,,,,,,,200.6593293,GBP,2024-06-11T18:34:49Z,M,FC,Y,OTC1501032205NWM,,,0,GBP,0,GBP,0,GBP,24448920.21,USD,0,GBP,0,GBP,EXEMPT,NONE,EXEMPT,,,,,,RR3QWICWWIPCS8A4S074,,RR3QWICWWIPCS8A4S074,,,
Trade,RR3QWICWWIPCS8A4S074FX120L240425A31032,L240425A31032,,,RR3QWICWWIPCS8A4S074,LEI,213800ND864E8PUHO136,,,V,T,2024-06-03T10:28:04Z,RR3QWICWWIPCS8A4S074,OTC,,,,,,ES,C,,F,,,LEI,RR3QWICWWIPCS8A4S074,P,B,,,,,,OT,CU,C,JFTXFP,I,EZXX6BGN5B09,,,,,,,,,XOFF,N,1.07597,U,USD,2230545.46,EUR,,1,1,,P,2024-04-25T11:32:15Z,25-04-2024,16-08-2024,,16-08-2024,ISDA,2002,2024-04-26T13:12:51Z,E,X,N,,,N,,,,,,,,,,,,,,,,,,,,,,,,,,,USD,,1.07597,EUR/USD,,,,,,,,,,,,,,,,,,,,,,,,,-2979.093056,GBP,2024-06-11T18:34:49Z,M,U,,,,,,,,,,,,,,,,,EXEMPT,NONE,EXEMPT,,,,,,RR3QWICWWIPCS8A4S074,,,,,
Allege,RR3QWICWWIPCS8A4S074FX120L230717A098B4,L230717A098B4,,,RR3QWICWWIPCS8A4S074,LEI,X3CZP3CK64YBHON1LE12,,,V,T,2023-07-17T22:01:05Z,RR3QWICWWIPCS8A4S074,OTC,,,,,,NL,C,,F,withheld,withheld,withheld,withheld,withheld,B,withheld,withheld,,,,FW,CU,C,JFTXFP,I,EZ4WSTXX3Q15,,,EUR,,,,,,XOFF,N,1.140684,U,USD,6000000,EUR,USD,1,1,,P,2023-07-17T05:56:58Z,17-07-2023,20-06-2024,,20-06-2024,ISDA,2002,,N,X,N,,,Y,,,,,,,,,,,,,,,,,,,,,,,,,,,USD,,1.140684,EUR/USD,,,,,,,,,,,,,,,,,,,,,,,,,withheld,withheld,withheld,withheld,withheld,withheld,withheld,withheld,withheld,withheld,withheld,withheld,withheld,withheld,withheld,withheld,withheld,withheld,withheld,withheld,withheld,EXEMPT,NONE,EXEMPT,,,,,,RR3QWICWWIPCS8A4S074,,RR3QWICWWIPCS8A4S074,,,
Trade,RR3QWICWWIPCS8A4S074FX120L230717A098B4,L230717A098B4,,,RR3QWICWWIPCS8A4S074,LEI,X3CZP3CK64YBHON1LE12,,,V,T,2023-07-17T22:01:05Z,RR3QWICWWIPCS8A4S074,OTC,,,,,,NL,C,,F,,,LEI,RR3QWICWWIPCS8A4S074,P,B,,,,,,FW,CU,C,JFTXFP,I,EZ4WSTXX3Q15,,,EUR,,,,,,XOFF,N,1.140684,U,USD,6000000,EUR,USD,1,1,,P,2023-07-17T05:56:58Z,17-07-2023,20-06-2024,,20-06-2024,ISDA,2002,,N,X,N,,,Y,,,,,,,,,,,,,,,,,,,,,,,,,,,USD,,1.140684,EUR/USD,,,,,,,,,,,,,,,,,,,,,,,,,-319653.3878,GBP,2024-06-11T18:34:49Z,M,FC,Y,OTC150137464NWM,,,0,GBP,0,GBP,0,GBP,971389254.4,GBP,0,GBP,0,GBP,EXEMPT,NONE,EXEMPT,,,,,,RR3QWICWWIPCS8A4S074,,RR3QWICWWIPCS8A4S074,,,
Trade,RR3QWICWWIPCS8A4S074FX120L240402A1E357,L240402A1E357,,L240402A1E356,RR3QWICWWIPCS8A4S074,LEI,VNJ8RJHOFC10GMT1NH50,,EMTKKMJN2BHVKBWS4553,V,T,2024-05-16T10:52:32Z,RR3QWICWWIPCS8A4S074,OTC,,,,,,KY,C,,F,,,LEI,RR3QWICWWIPCS8A4S074,P,S,,,,,,FW,CU,C,JFTXFP,I,EZM0SB2P0QR2,,,GBP,,,,,,XOFF,N,1.257421,U,USD,7952.79,GBP,USD,1,1,,P,2024-04-02T18:59:57Z,02-04-2024,21-06-2024,,21-06-2024,ISDA,1992,2024-04-02T20:08:42Z,E,X,N,,,N,,,,,,,,,,,,,,,,,,,,,,,,,,,USD,,1.257421,GBP/USD,,,,,,,,,,,,,,,,,,,,,,,,,-90.85684421,GBP,2024-06-11T18:34:49Z,M,FC,Y,OTC14503772NWM,,,0,GBP,0,GBP,0,GBP,0,GBP,0,GBP,0,GBP,EXEMPT,NONE,EXEMPT,,,,,,RR3QWICWWIPCS8A4S074,,RR3QWICWWIPCS8A4S074,,,
Trade,549300SDDJE84DDJNB30612430463L0A0,L240312A43B1C,,,RR3QWICWWIPCS8A4S074,LEI,E57ODZWZ7FF32TWEFA76,,,V,T,2024-05-16T08:59:29Z,RR3QWICWWIPCS8A4S074,OTC,,,,,,US,C,,F,,,LEI,RR3QWICWWIPCS8A4S074,P,B,,,,,,FW,CU,C,JFTXFP,I,EZ4WSTXX3Q15,,,EUR,,,,,,XOFF,N,1.096375,U,USD,395302.7,EUR,USD,1,1,,P,2024-03-12T13:00:05Z,12-03-2024,20-06-2024,,20-06-2024,ISDA,1992,2024-03-12T13:27:48Z,E,X,N,,,N,,,,,,,,,,,,,,,,,,,,,,,,,,,USD,,1.096375,EUR/USD,,,,,,,,,,,,,,,,,,,,,,,,,-7307.193994,GBP,2024-06-11T18:34:49Z,M,FC,Y,OTC19000135NWM,,,59479643.14,GBP,36750368.73,GBP,54328149.19,GBP,0,GBP,0,GBP,0,GBP,EXEMPT,NONE,EXEMPT,,,,,,RR3QWICWWIPCS8A4S074,,RR3QWICWWIPCS8A4S074,,,
Allege,549300SDDJE84DDJNB30633759417L18A0,,,,2138003ZEF6F949N7J13,LEI,RR3QWICWWIPCS8A4S074,,,M,T,2024-05-21T10:42:23Z,RR3QWICWWIPCS8A4S074,OTC,,,,,,GB,3,,N,withheld,withheld,withheld,withheld,withheld,B,withheld,withheld,,,,FW,CU,C,JFTXFP,I,EZLF6V7Q98F0,,,ILS,,,,,,TRAL,N,0.277246,U,USD,287416,ILS,USD,1,1,,P,2024-05-21T10:13:41Z,21-05-2024,21-05-2025,,21-05-2025,ISDA,2002,,N,X,N,,,N,,,,,,,,,,,,,,,,,,,,,,,,,,,USD,,0.277246,ILS/USD,,,,,,,,,,,,,,,,,,,,,,,,,withheld,withheld,withheld,withheld,withheld,withheld,withheld,withheld,withheld,withheld,withheld,withheld,withheld,withheld,withheld,withheld,withheld,withheld,withheld,withheld,withheld,PAIRED,GTR,RECONCILED,,,,,,,,,,,
Trade,W22LROWP2IHZNBB6K528FXEXXXXXXXAHLLD16R0QGVG7S8NZZ100,L240416A510F1,,,RR3QWICWWIPCS8A4S074,LEI,W22LROWP2IHZNBB6K528,,,V,T,2024-05-16T10:52:56Z,RR3QWICWWIPCS8A4S074,OTC,,,,,,GB,C,,F,,,LEI,RR3QWICWWIPCS8A4S074,P,S,,,,,,FW,CU,C,JFTXFP,I,EZ17R8F4TKZ4,,,CHF,,,,,,XOFF,N,0.905974,U,CHF,3000000,CHF,USD,1,1,,P,2024-04-16T13:24:42Z,16-04-2024,27-06-2024,,27-06-2024,ISDA,1992,2024-04-16T13:58:10Z,E,X,N,,,N,,,,,,,,,,,,,,,,,,,,,,,,,,,USD,,0.905974,USD/CHF,,,,,,,,,,,,,,,,,,,,,,,,,-24858.24087,GBP,2024-06-11T18:34:49Z,M,FC,Y,OTC19000513NWM,,,0,GBP,0,GBP,0,GBP,1803430.04,USD,0,GBP,0,GBP,PAIRED,GTR,MATCHED,,,,,,RR3QWICWWIPCS8A4S074,,RR3QWICWWIPCS8A4S074,,,
Trade,RR3QWICWWIPCS8A4S074FX120L231107A4B7C7,L231107A4B7C7,,,RR3QWICWWIPCS8A4S074,LEI,2549005OISJJ7ZVWSP53,,,V,T,2023-11-08T17:24:08Z,RR3QWICWWIPCS8A4S074,OTC,,,,,,KY,C,,F,,,LEI,RR3QWICWWIPCS8A4S074,P,B,,,,,,FW,CU,C,JFTXFP,I,EZPJDRJQM4V7,,,AUD,,,,,,XOFF,N,1.6799,U,AUD,4703720,AUD,EUR,1,1,,P,2023-11-07T17:06:34Z,07-11-2023,12-11-2024,,12-11-2024,ISDA,2002,2023-11-08T17:24:06Z,E,X,N,,,N,,,,,,,,,,,,,,,,,,,,,,,,,,,EUR,,1.6799,EUR/AUD,,,,,,,,,,,,,,,,,,,,,,,,,68522.14135,GBP,2024-06-11T18:34:49Z,M,PC,Y,OTC1501088361NWM,,,,,0,GBP,,,6977323.11,USD,0,GBP,0,GBP,EXEMPT,NONE,EXEMPT,,,,,,RR3QWICWWIPCS8A4S074,,RR3QWICWWIPCS8A4S074,,,
Trade,1030453794FXTR3079466278949020274293612507,L230504A1B798,,L230504A1B797,RR3QWICWWIPCS8A4S074,LEI,C3GTMMZIHMY46P4OIX74,,,V,T,2023-12-18T23:02:42Z,RR3QWICWWIPCS8A4S074,OTC,,,,,,JP,C,,F,,,LEI,RR3QWICWWIPCS8A4S074,P,B,,,,,,FW,CU,C,JFTXFP,I,EZ081N3K4CN7,,,CAD,,,,,,XOFF,N,1.5268,U,CAD,45804000,CAD,EUR,1,1,,P,2023-05-04T08:02:47Z,04-05-2023,08-05-2025,,08-05-2025,ISDA,1992,2023-05-04T16:23:41Z,E,X,N,,,N,,,,,,,,,,,,,,,,,,,,,,,,,,,EUR,,1.5268,EUR/CAD,,,,,,,,,,,,,,,,,,,,,,,,,638856.6253,GBP,2024-06-11T18:34:49Z,M,FC,Y,OTC19000004NWM,,,0,GBP,3038100410,JPY,12204970.94,USD,0,GBP,0,GBP,0,GBP,EXEMPT,NONE,EXEMPT,,,,,,RR3QWICWWIPCS8A4S074,,RR3QWICWWIPCS8A4S074,,,
Trade,RR3QWICWWIPCS8A4S074FX120L240529A2367E,L240529A2367E,,,RR3QWICWWIPCS8A4S074,LEI,549300S77954PRZEO802,,LO3UDTZUG0RICVPFGQ53,V,T,2024-05-29T14:42:51Z,RR3QWICWWIPCS8A4S074,OTC,,,,,,AU,C,,F,549300FQIJOSVOCB4V70,,LEI,RR3QWICWWIPCS8A4S074,P,B,,,,,,FW,CU,C,JFTXFC,I,EZ70X6HQK9C8,,,USD,,,,,,XOFF,N,1367.066841,U,KRW,1295986286,KRW,USD,1,1,,C,2024-05-29T13:25:59Z,29-05-2024,20-06-2024,,20-06-2024,ISDA,2002,2024-05-29T14:42:50Z,E,X,N,,,N,,,,,,,,,,,,,,,,,,,,,,,,,,,,,1367.066841,USD/KRW,,,,,,,,,,,,,,,,,,,,,,,,,-7029.408275,GBP,2024-06-11T18:34:49Z,M,PC,Y,OTC1451144881NWM,,,,,0,GBP,,,0,USD,0,GBP,0,GBP,EXEMPT,NONE,EXEMPT,,,,,,RR3QWICWWIPCS8A4S074,,RR3QWICWWIPCS8A4S074,,,
Trade,RR3QWICWWIPCS8A4S074FX120L240604A0566D,L240604A0566D,,,RR3QWICWWIPCS8A4S074,LEI,213800WPTIY9961G2O04,,,V,T,2024-06-04T00:47:16Z,RR3QWICWWIPCS8A4S074,OTC,,,,,,GB,C,,F,,,LEI,RR3QWICWWIPCS8A4S074,P,B,,,,,,FW,CU,C,JFTXFC,I,EZ5NDLZ045D2,,,USD,,,,,,XOFF,N,1369.332,U,KRW,1369332000,KRW,USD,1,1,,C,2024-06-04T00:46:52Z,04-06-2024,08-07-2024,,08-07-2024,ISDA,2002,,N,X,N,,,N,,,,,,,,,,,,,,,,,,,,,,,,,,,,,1369.332,USD/KRW,,,,,,,,,,,,,,,,,,,,,,,,,-5366.6423,GBP,2024-06-11T18:34:49Z,M,PC,Y,OTC1501138301NWM,,,,,0,GBP,,,14942225.14,GBP,0,GBP,0,GBP,PAIRED,UVTR,MATCHED,,,,,,RR3QWICWWIPCS8A4S074,,RR3QWICWWIPCS8A4S074,,,
Trade,RR3QWICWWIPCS8A4S074FX120L240417A47885,L240417A47885,,,RR3QWICWWIPCS8A4S074,LEI,549300J4JVDRI0QIQH24,,549300IYJMOSFW0SWE19,V,T,2024-04-17T13:57:54Z,RR3QWICWWIPCS8A4S074,OTC,,,,,,KY,C,,F,,,LEI,RR3QWICWWIPCS8A4S074,P,S,,,,,,FW,CU,C,JFTXFP,I,EZ1LHP5JGYG3,,,USD,,,,,,XOFF,N,19.12148,U,ZAR,156891.62,USD,ZAR,1,1,,P,2024-04-17T12:50:34Z,17-04-2024,12-06-2024,,12-06-2024,ISDA,1992,,N,X,N,,,N,,,,,,,,,,,,,,,,,,,,,,,,,,,ZAR,,19.12148,USD/ZAR,,,,,,,,,,,,,,,,,,,,,,,,,2825.45701,GBP,2024-06-11T18:34:49Z,M,FC,Y,OTC1501028454NWM,,,0,GBP,0,GBP,0,GBP,118326704.5,USD,0,GBP,0,GBP,EXEMPT,NONE,EXEMPT,,,,,,RR3QWICWWIPCS8A4S074,,RR3QWICWWIPCS8A4S074,,,
Trade,RR3QWICWWIPCS8A4S074FX120L240510A26390,L240510A26390,,L240510A2638F,RR3QWICWWIPCS8A4S074,LEI,549300T167XWWKCEDP79,,,V,T,2024-05-13T11:12:16Z,RR3QWICWWIPCS8A4S074,OTC,,,,,,GB,C,,F,,,LEI,RR3QWICWWIPCS8A4S074,P,B,,,,,,FW,CU,C,JFTXFP,I,EZCGTCDB4L37,,,PLN,,,,,,XOFF,N,3.9950744,U,PLN,39950744,PLN,USD,1,1,,P,2024-05-10T11:02:05Z,10-05-2024,04-11-2024,,04-11-2024,ISDA,2002,2024-05-13T11:12:14Z,E,X,N,,,N,,,,,,,,,,,,,,,,,,,,,,,,,,,USD,,3.9950744,USD/PLN,,,,,,,,,,,,,,,,,,,,,,,,,-111614.5794,GBP,2024-06-11T18:34:49Z,M,PC,Y,OTC1501156650NWM,,,,,0,GBP,,,257214.13,USD,0,GBP,0,GBP,PAIRED,GTR,RECONCILED,,,,,,RR3QWICWWIPCS8A4S074,,RR3QWICWWIPCS8A4S074,,,
Trade,RR3QWICWWIPCS8A4S074FX120L240605A0A519,L240605A0A519,,,RR3QWICWWIPCS8A4S074,LEI,213800N8NK41P3YXTJ89,,,V,T,2024-06-05T03:01:01Z,RR3QWICWWIPCS8A4S074,OTC,,,,,,KY,C,,F,213800Y1KZLBMHGMTJ05,,LEI,RR3QWICWWIPCS8A4S074,P,B,,,,,,FW,CU,C,JFTXFC,I,EZ5FWRMNP4W9,,,USD,,,,,,XOFF,N,1368.2,U,KRW,1368200000,KRW,USD,1,1,,C,2024-06-05T03:00:57Z,05-06-2024,10-07-2024,,10-07-2024,ISDA,1992,2024-06-05T03:00:57Z,E,X,N,,,N,,,,,,,,,,,,,,,,,,,,,,,,,,,,,1368.2,USD/KRW,,,,,,,,,,,,,,,,,,,,,,,,,-5925.521992,GBP,2024-06-11T18:34:49Z,M,PC,Y,OTC1501097005NWM,,,,,0,GBP,,,3958989.68,USD,0,GBP,0,GBP,EXEMPT,NONE,EXEMPT,,,,,,RR3QWICWWIPCS8A4S074,,RR3QWICWWIPCS8A4S074,,,
Allege,1030245409SCBMXFXCASH00000000000390061044F,RAZOR-390061044-390061044-F,,,RILFO74KP1CM8P6PCT96,LEI,RR3QWICWWIPCS8A4S074,,,V,T,2024-03-20T14:54:12Z,RILFO74KP1CM8P6PCT96,OTC,,,,,,GB,C-F,,F,withheld,withheld,withheld,withheld,withheld,S,withheld,withheld,,,,FW,CU,C,JFTXFP,I,EZVJPHHCX5F2,NA,NA,EUR,,,,,,XOFF,N,1.1024,U,USD,103500000,EUR,USD,1,1,,P,2024-03-20T13:06:31Z,20-03-2024,24-03-2025,,24-03-2025,ISDA Schedule,1992,2024-03-20T13:15:45Z,E,X,N,,,N,,,,,,,,,,,,,,,,,,,,,,,,,,,USD,1.1024,,EUR/USD,,,,,,,,,,,,,,,,,,,,,,,,,withheld,withheld,withheld,withheld,withheld,withheld,withheld,withheld,withheld,withheld,withheld,withheld,withheld,withheld,withheld,withheld,withheld,withheld,withheld,withheld,withheld,UNPAIRED,NONE,PENDING,,,,,,RILFO74KP1CM8P6PCT96,,RILFO74KP1CM8P6PCT96,,,
Trade,BFM8T61CT2L1QCEMIK50MOR00000000000000000008380440671,L240610A3C547,,,RR3QWICWWIPCS8A4S074,LEI,BFM8T61CT2L1QCEMIK50,,,V,T,2024-06-10T14:43:40Z,RR3QWICWWIPCS8A4S074,OTC,,,,,,CH,C,,F,,,LEI,RR3QWICWWIPCS8A4S074,P,S,,,,,,FW,CU,C,JFTXFP,I,EZCM3HY25VD5,,,ILS,,,,,,XOFF,N,3.760664,U,ILS,2000000,ILS,USD,1,1,,P,2024-06-10T13:35:33Z,10-06-2024,14-06-2024,,14-06-2024,ISDA,1992,2024-06-10T14:42:55Z,E,X,N,,,N,,,,,,,,,,,,,,,,,,,,,,,,,,,USD,,3.760664,USD/ILS,,,,,,,,,,,,,,,,,,,,,,,,,-6526.79712,GBP,2024-06-11T18:34:49Z,M,FC,Y,OTC19000315NWM,,,31569700.4,EUR,0,GBP,74808355.3,EUR,121421124.6,USD,0,GBP,0,GBP,EXEMPT,NONE,EXEMPT,,,,,,RR3QWICWWIPCS8A4S074,,RR3QWICWWIPCS8A4S074,,,
Trade,RR3QWICWWIPCS8A4S074FX120L240605A089C5,L240605A089C5,,,RR3QWICWWIPCS8A4S074,LEI,9R7GPTSO7KV3UQJZQ078,,,V,T,2024-06-05T02:26:50Z,RR3QWICWWIPCS8A4S074,OTC,,,,,,US,C,,F,,,LEI,RR3QWICWWIPCS8A4S074,P,B,,,,,,FW,CU,C,JFTXFC,I,EZ7LR8CW2FV6,,,USD,,,,,,XOFF,N,16316,U,IDR,4550000000,IDR,USD,1,1,,C,2024-06-05T02:17:41Z,05-06-2024,18-09-2024,,18-09-2024,ISDA,1992,2024-06-05T02:26:50Z,E,X,N,,,N,,,,,,,,,,,,,,,,,,,,,,,,,,,,,16316,USD/IDR,,,,,,,,,,,,,,,,,,,,,,,,,-294.1825551,GBP,2024-06-11T18:34:49Z,M,FC,Y,OTC14502146NWM,,,12546996.07,GBP,0,GBP,14282484,USD,4290000,GBP,0,GBP,0,GBP,EXEMPT,NONE,EXEMPT,,,,,,RR3QWICWWIPCS8A4S074,,RR3QWICWWIPCS8A4S074,,,
Trade,GGDZP1UYGU9STUHRDP48AL1053963755,23314LN054644D,,,RR3QWICWWIPCS8A4S074,LEI,GGDZP1UYGU9STUHRDP48,,,V,T,2023-11-13T15:52:04Z,RR3QWICWWIPCS8A4S074,OTC,,,,,,GB,C,,F,1ZU7M6R6N6PXYJ6V0C83,,LEI,RR3QWICWWIPCS8A4S074,P,B,,,,,,OT,CU,C,HFTADC,I,EZVPZ5CDSSZ1,,,,,E,31,U,,XXXX,N,47520,U,USD,600000,USD,,1,1,,C,2023-11-10T12:15:51Z,10-11-2023,12-11-2024,,13-11-2024,ISDA,1992,2023-11-13T15:52:04Z,E,X,N,,,N,,,,,,,,,,,,,,,,,,,,,,,,,,,,31,,USD/TRY,,,,,,,,,,,,,,,,,,,,,,,,,17777.85118,GBP,2024-06-11T17:33:53Z,M,FC,Y,OTC1501028049NWM,,,37850689.63,USD,0,GBP,0,GBP,33414458.23,USD,0,GBP,0,GBP,PAIRED,GTR,UNMATCHED,,,,,,RR3QWICWWIPCS8A4S074,,RR3QWICWWIPCS8A4S074,,,
Trade,WYFIFDMB6P378501040624,L240604A58495,,,RR3QWICWWIPCS8A4S074,LEI,549300WYFIFDMB6POR04,,,V,T,2024-06-04T14:19:47Z,RR3QWICWWIPCS8A4S074,OTC,,,,,,GB,C,,F,,,LEI,RR3QWICWWIPCS8A4S074,P,S,,,,,,FW,CU,C,JFTXFP,I,EZLGDDYDC044,,,MXN,,,,,,XOFF,N,17.9435,U,MXN,163914365.1,MXN,USD,1,1,,P,2024-06-04T08:32:35Z,04-06-2024,26-06-2024,,26-06-2024,ISDA,2002,,N,X,N,,,N,,,,,,,,,,,,,,,,,,,,,,,,,,,USD,,17.9435,USD/MXN,,,,,,,,,,,,,,,,,,,,,,,,,208790.7895,GBP,2024-06-11T18:34:49Z,M,PC,Y,OTC1501087327NWM,,,,,0,GBP,,,3585083.78,GBP,0,GBP,0,GBP,UNPAIRED,NONE,PENDING,,,,,,RR3QWICWWIPCS8A4S074,,RR3QWICWWIPCS8A4S074,,,
Trade,RR3QWICWWIPCS8A4S074FX120L230213A16296,L230213A16296,,,RR3QWICWWIPCS8A4S074,LEI,X3CZP3CK64YBHON1LE12,,,V,T,2023-02-16T13:06:35Z,RR3QWICWWIPCS8A4S074,OTC,,,,,,NL,C,,F,,,LEI,RR3QWICWWIPCS8A4S074,P,S,,,,,,FW,CU,C,JFTXFP,I,EZC9JFSXS1Z6,,,EUR,,,,,,XOFF,N,1.108937,U,USD,1000000,EUR,USD,1,1,,P,2023-02-13T09:25:14Z,13-02-2023,15-10-2025,,15-10-2025,ISDA,2002,2023-02-13T09:25:14Z,E,X,N,,,Y,,,,,,,,,,,,,,,,,,,,,,,,,,,USD,,1.108937,EUR/USD,,,,,,,,,,,,,,,,,,,,,,,,,8780.108146,GBP,2024-06-11T18:34:49Z,M,FC,Y,OTC150137464NWM,,,0,GBP,0,GBP,0,GBP,971389254.4,GBP,0,GBP,0,GBP,EXEMPT,NONE,EXEMPT,,,,,,RR3QWICWWIPCS8A4S074,,RR3QWICWWIPCS8A4S074,,,
Trade,RR3QWICWWIPCS8A4S074FX120L240328A516A7,L240328A516A7,,,RR3QWICWWIPCS8A4S074,LEI,213800YWQOYL4VQODV50,,,V,T,2024-03-29T15:33:14Z,RR3QWICWWIPCS8A4S074,OTC,,,,,,GB,C,,F,,,LEI,RR3QWICWWIPCS8A4S074,P,S,,,,,,FW,CU,C,JFTXFP,I,EZ1GPM685BW1,,,EUR,,,,,,XOFF,N,0.857548,U,GBP,9000,EUR,GBP,1,1,,P,2024-03-28T15:28:57Z,28-03-2024,01-07-2024,,01-07-2024,ISDA,2002,2024-03-29T15:33:12Z,Y,X,N,,,N,,,,,,,,,,,,,,,,,,,,,,,,,,,GBP,,0.857548,EUR/GBP,,,,,,,,,,,,,,,,,,,,,,,,,123.0875453,GBP,2024-06-11T18:34:49Z,M,PC,Y,OTC1501030594NWM,,,,,1270000,GBP,,,0,GBP,0,GBP,0,GBP,PAIRED,GTR,RECONCILED,,,,,,RR3QWICWWIPCS8A4S074,,RR3QWICWWIPCS8A4S074,,,
Trade,RR3QWICWWIPCS8A4S074FX120L240607A157B2,L240607A157B2,,,RR3QWICWWIPCS8A4S074,LEI,6WD8CY1WV2QYZ7W4H838,,549300IYJMOSFW0SWE19,V,T,2024-06-07T07:29:34Z,RR3QWICWWIPCS8A4S074,OTC,,,,,,BM,C,,F,,,LEI,RR3QWICWWIPCS8A4S074,P,S,,,,,,FW,CU,C,JFTXFP,I,EZW7HZQBPDJ2,,,EUR,,,,,,XOFF,N,0.8528986,U,GBP,100000,EUR,GBP,1,1,,P,2024-06-07T07:28:37Z,07-06-2024,24-07-2024,,24-07-2024,ISDA,1992,,N,X,N,,,N,,,,,,,,,,,,,,,,,,,,,,,,,,,GBP,,0.8528986,EUR/GBP,,,,,,,,,,,,,,,,,,,,,,,,,822.1007016,GBP,2024-06-11T18:34:49Z,M,PC,Y,OTC1501015185NWM,,,,,0,GBP,,,2458999.96,USD,0,GBP,0,GBP,EXEMPT,NONE,EXEMPT,,,,,,RR3QWICWWIPCS8A4S074,,RR3QWICWWIPCS8A4S074,,,
Allege,RR3QWICWWIPCS8A4S074FX120L231031A4E021,,,,2138009U2TAZYH2D6772,LEI,RR3QWICWWIPCS8A4S074,,,M,T,2023-11-01T15:06:13Z,RR3QWICWWIPCS8A4S074,OTC,,,,,,GB,3,,N,withheld,withheld,withheld,withheld,withheld,S,withheld,withheld,,,,FW,CU,C,JFTXFP,I,EZ7LQ9F7LNH0,,,GBP,,,,,,XOFF,N,1.212857,U,USD,217118.2,GBP,USD,1,1,,P,2023-10-31T14:59:46Z,31-10-2023,20-06-2024,,20-06-2024,ISDA,2002,2023-11-01T15:06:07Z,Y,X,N,,,N,,,,,,,,,,,,,,,,,,,,,,,,,,,USD,,1.212857,GBP/USD,,,,,,,,,,,,,,,,,,,,,,,,,withheld,withheld,withheld,withheld,withheld,withheld,withheld,withheld,withheld,withheld,withheld,withheld,withheld,withheld,withheld,withheld,withheld,withheld,withheld,withheld,withheld,PAIRED,GTR,RECONCILED,,,,,,,,,,,
Trade,RR3QWICWWIPCS8A4S074FX120L240430A2AACE,L240430A2AACE,,L240430A2AACD,RR3QWICWWIPCS8A4S074,LEI,213800LSIJOBVPKHTW65,,,V,T,2024-05-01T09:57:15Z,RR3QWICWWIPCS8A4S074,OTC,,,,,,GB,C,,F,,,LEI,RR3QWICWWIPCS8A4S074,P,S,,,,,,FW,CU,C,JFTXFP,I,EZN6QD0K15Z0,,,GBP,,,,,,XOFF,N,1.257875,U,USD,38728.81,GBP,USD,1,1,,P,2024-04-30T09:47:22Z,30-04-2024,31-12-2024,,31-12-2024,ISDA,2002,2024-05-01T09:57:13Z,Y,X,N,,,N,,,,,,,,,,,,,,,,,,,,,,,,,,,USD,,1.257875,GBP/USD,,,,,,,,,,,,,,,,,,,,,,,,,-460.8599844,GBP,2024-06-11T18:34:49Z,M,PC,Y,OTC1501158385NWM,,,,,0,GBP,,,370000,GBP,0,GBP,0,GBP,PAIRED,GTR,RECONCILED,,,,,,RR3QWICWWIPCS8A4S074,,RR3QWICWWIPCS8A4S074,,,
Trade,RR3QWICWWIPCS8A4S074FX00824065LN069975D,24065LN069975D,,,RR3QWICWWIPCS8A4S074,LEI,VNL6C0FFFJGXC1Y5SS53,,0KH67AG8S2C0UUDZ7J79,V,T,2024-03-07T01:34:19Z,RR3QWICWWIPCS8A4S074,OTC,,,,,,KY,C,,F,,,LEI,RR3QWICWWIPCS8A4S074,P,S,,,,,,OP,CU,C,HFTDVP,I,EZLPX7FHF9N4,,,GBP,P,E,1.235,U,,XOFF,N,35616,U,GBP,5600000,GBP,USD,1,1,,P,2024-03-05T13:57:44Z,05-03-2024,05-08-2024,,07-08-2024,ISDA,1992,2024-03-07T01:34:18Z,Y,X,N,,,N,,,,,,,,,,,,,,,,,,,,,,,,,,,USD,1.235,,GBP/USD,,,,,,,,,,,,,,,,,,,,,,,,,-10223.88977,GBP,2024-06-11T17:33:53Z,M,FC,Y,OTC1451007830NWM,,,0,GBP,2561493.04,USD,6348495.66,USD,0,GBP,0,GBP,0,GBP,EXEMPT,NONE,EXEMPT,,,,,,RR3QWICWWIPCS8A4S074,,RR3QWICWWIPCS8A4S074,,,
Trade,549300SDDJE84DDJNB30634103919L0A0,L240522A29F03,,,RR3QWICWWIPCS8A4S074,LEI,8SVCSVKSGDWMW2QHOH83,,,V,T,2024-05-24T08:06:02Z,RR3QWICWWIPCS8A4S074,OTC,,,,,,GB,C,,F,,,LEI,RR3QWICWWIPCS8A4S074,P,B,,,,,,FW,CU,C,JFTXFP,I,EZKGXHSMJS93,,,GBP,,,,,,TRAL,N,4.773058,U,SAR,99451.44,GBP,SAR,1,1,,P,2024-05-22T11:14:53Z,22-05-2024,22-07-2024,,22-07-2024,ISDA,1992,,N,X,N,,,N,,,,,,,,,,,,,,,,,,,,,,,,,,,SAR,,4.773058,GBP/SAR,,,,,,,,,,,,,,,,,,,,,,,,,3.287661,GBP,2024-06-11T18:34:49Z,M,U,,,,,,,,,,,,,,,,,UNPAIRED,NONE,PENDING,,,,,,RR3QWICWWIPCS8A4S074,,,,,
Allege,RR3QWICWWIPCS8A4S074FX120L230912A1B937,,,,2138006FIZJDQVSGPX56,LEI,RR3QWICWWIPCS8A4S074,,,M,T,2023-09-13T07:54:05Z,RR3QWICWWIPCS8A4S074,OTC,,,,,,GB,10,,N,withheld,withheld,withheld,withheld,withheld,B,withheld,withheld,,,,FW,CU,C,JFTXFP,I,EZR7DJ8ZZQM1,,,GBP,,,,,,XOFF,N,1.25175,U,USD,495306.57,GBP,USD,1,1,,P,2023-09-12T07:49:05Z,12-09-2023,31-07-2024,,31-07-2024,ISDA,2002,2023-09-13T07:54:03Z,E,X,N,,,N,,,,,,,,,,,,,,,,,,,,,,,,,,,USD,,1.25175,GBP/USD,,,,,,,,,,,,,,,,,,,,,,,,,withheld,withheld,withheld,withheld,withheld,withheld,withheld,withheld,withheld,withheld,withheld,withheld,withheld,withheld,withheld,withheld,withheld,withheld,withheld,withheld,withheld,PAIRED,GTR,RECONCILED,,,,,,,,,,,
Trade,MP6I5ZYZBEU3UXPYFY54FXCDSL0011L40346003779,L240523A1EA0E,,L240523A1EA0D,RR3QWICWWIPCS8A4S074,LEI,MP6I5ZYZBEU3UXPYFY54,,,V,T,2024-05-23T22:05:27Z,RR3QWICWWIPCS8A4S074,OTC,,,,,,GB,C,,F,,,LEI,RR3QWICWWIPCS8A4S074,P,B,,,,,,FW,CU,C,JFTXFC,I,EZ7LR8CW2FV6,,,USD,,,,,,XOFF,N,16118.32,U,IDR,16118320000,IDR,USD,1,1,,C,2024-05-23T08:07:38Z,23-05-2024,18-09-2024,,18-09-2024,ISDA,1992,2024-05-23T08:32:09Z,E,X,N,,,N,,,,,,,,,,,,,,,,,,,,,,,,,,,,,16118.32,USD/IDR,,,,,,,,,,,,,,,,,,,,,,,,,-10429.71963,GBP,2024-06-11T18:34:49Z,M,FC,Y,OTC19000206NWM,,,107401577.6,USD,0,GBP,115644018.6,USD,45466067.77,GBP,0,GBP,0,GBP,PAIRED,GTR,MATCHED,,,,,,RR3QWICWWIPCS8A4S074,,RR3QWICWWIPCS8A4S074,,,
Trade,F226TOH6YD6XJB17KS62FXR1516318188,L240509A1D4D0,,,RR3QWICWWIPCS8A4S074,LEI,F226TOH6YD6XJB17KS62,,,V,T,2024-05-09T22:06:10Z,RR3QWICWWIPCS8A4S074,OTC,,,,,,GB,C,,F,,,LEI,RR3QWICWWIPCS8A4S074,P,S,,,,,,FW,CU,C,JFTXFC,I,EZ7F0Z3CB9F8,,,USD,,,,,,BHSF,N,57.354,U,PHP,40147800,PHP,USD,1,1,,C,2024-05-09T13:08:27Z,09-05-2024,13-06-2024,,13-06-2024,,,2024-05-09T13:09:12Z,E,N,Y,2024-05-09T13:09:12Z,F226TOH6YD6XJB17KS62,N,,,,,,,,,,,,,,,,,,,,,,,,,,,,,57.354,USD/PHP,,,,,,,,,,,,,,,,,,,,,,,,,16011.42,USD,2024-06-11T23:59:59Z,C,OC,Y,OTC1501011772NWM,,,147762371.1,USD,0,GBP,,,37643359.71,USD,0,GBP,0,GBP,PAIRED,UVTR,UNMATCHED,,,,,,RR3QWICWWIPCS8A4S074,,RR3QWICWWIPCS8A4S074,,,
Trade,RR3QWICWWIPCS8A4S074FX00824023LN081901D,24023LN081901D,,,RR3QWICWWIPCS8A4S074,LEI,F01VVKN4DRF2NWKGQ283,,,V,T,2024-01-24T17:43:33Z,RR3QWICWWIPCS8A4S074,OTC,,,,,,GB,C,,F,549300WYFIFDMB6POR04,,LEI,RR3QWICWWIPCS8A4S074,P,S,,,,,,OP,CU,C,HFTDVP,I,EZ7V7GZ2QW83,,,CNY,C,E,7.3,U,,XOFF,N,153000,U,USD,219000000,CNY,USD,1,1,,P,2024-01-23T15:57:14Z,23-01-2024,23-07-2024,,25-07-2024,ISDA,1992,2024-01-24T17:43:33Z,E,X,N,,,N,,,,,,,,,,,,,,,,,,,,,,,,,,,USD,7.3,,USD/CNY,,,,,,,,,,,,,,,,,,,,,,,,,-46769.70309,GBP,2024-06-11T17:33:53Z,M,FC,Y,OTC19000466NWM,,,0,GBP,6880000,EUR,0,GBP,0,GBP,0,GBP,0,GBP,UNPAIRED,NONE,PENDING,,,,,,RR3QWICWWIPCS8A4S074,,RR3QWICWWIPCS8A4S074,,,
Trade,635400MQZIPRVPDDZK76607533467L1A0,L240221A19982,,L240221A19981,RR3QWICWWIPCS8A4S074,LEI,549300ZK8TYE865H3W48,,5493002GZU0LW5CRQP36,V,T,2024-02-21T09:48:45Z,RR3QWICWWIPCS8A4S074,OTC,,,,,,US,C,,F,,,LEI,RR3QWICWWIPCS8A4S074,P,B,,,,,,FW,CU,C,JFTXFP,I,EZ4WSTXX3Q15,,,EUR,,,,,,FXRQ,N,1.084681,U,USD,5857900,EUR,USD,1,1,,P,2024-02-21T09:30:02Z,21-02-2024,20-06-2024,,20-06-2024,ISDA,2002,,N,X,N,,,N,,,,,,,,,,,,,,,,,,,,,,,,,,,USD,,1.084681,EUR/USD,,,,,,,,,,,,,,,,,,,,,,,,,-54497.0303,GBP,2024-06-11T18:34:49Z,M,U,,,,,,,,,,,,,,,,,EXEMPT,NONE,EXEMPT,,,,,,RR3QWICWWIPCS8A4S074,,,,,
Trade,RR3QWICWWIPCS8A4S074FX120L240229A6088C,L240229A6088C,,,RR3QWICWWIPCS8A4S074,LEI,549300ECJZDA7203MK64,,,V,T,2024-03-01T13:58:24Z,RR3QWICWWIPCS8A4S074,OTC,,,,,,GB,C,,F,,,LEI,RR3QWICWWIPCS8A4S074,P,B,,,,,,FW,CU,C,JFTXFP,I,EZGRN1SQ3WB9,,,GBP,,,,,,XXXX,N,12.5203,U,SEK,1991272.92,GBP,SEK,1,1,,P,2024-02-29T22:00:10Z,29-02-2024,17-03-2027,,17-03-2027,ISDA,2002,2024-03-01T13:58:23Z,E,X,N,,,N,,,,,,,,,,,,,,,,,,,,,,,,,,,SEK,,12.5203,GBP/SEK,,,,,,,,,,,,,,,,,,,,,,,,,37392.73116,GBP,2024-06-11T18:34:49Z,M,U,,,,,,,,,,,,,,,,,PAIRED,GTR,RECONCILED,,,,,,RR3QWICWWIPCS8A4S074,,,,,
Trade,UPPK3261S5D7DR01JY66GBL6243283H0,L240425A30534,,,RR3QWICWWIPCS8A4S074,LEI,4PQUHN3JPFGFNF3BB653,,,V,T,2024-05-16T11:37:38Z,RR3QWICWWIPCS8A4S074,OTC,,,,,,GB,C,,F,,,LEI,RR3QWICWWIPCS8A4S074,P,B,,,,,,FW,CU,C,JFTXFP,I,EZV5KSVKVPJ9,,,EUR,,,,,,XOFF,N,1.085562,U,USD,19000000,EUR,USD,1,1,,P,2024-04-25T11:15:23Z,25-04-2024,10-01-2025,,10-01-2025,ISDA,1992,2024-04-25T11:25:18Z,E,X,N,,,N,,,,,,,,,,,,,,,,,,,,,,,,,,,USD,,1.085562,EUR/USD,,,,,,,,,,,,,,,,,,,,,,,,,-28969.43988,GBP,2024-06-11T18:34:49Z,M,FC,Y,OTC19000921NWM,,,25274159.16,GBP,0,GBP,48766805.12,GBP,203213379.2,GBP,0,GBP,0,GBP,PAIRED,GTR,UNMATCHED,,,,,,RR3QWICWWIPCS8A4S074,,RR3QWICWWIPCS8A4S074,,,
Trade,7LTWFZYICNSX8D621K860112000000000000000003170342090P,L231229A11834,,,RR3QWICWWIPCS8A4S074,LEI,7LTWFZYICNSX8D621K86,,,V,T,2023-12-29T07:47:24Z,RR3QWICWWIPCS8A4S074,OTC,,,,,,DE,C,,F,254900RSOAGVPFPWE574,,LEI,RR3QWICWWIPCS8A4S074,P,B,,,,,,FW,CU,C,JFTXFP,I,EZ58WM724B20,,,EUR,,,,,,XOFF,N,1.1237,U,USD,7400000,EUR,USD,1,1,,P,2023-12-29T07:45:50Z,29-12-2023,06-12-2024,,06-12-2024,ISDA,1992,2023-12-29T07:46:42Z,E,X,N,,,N,,,,,,,,,,,,,,,,,,,,,,,,,,,USD,,1.1237,EUR/USD,,,,,,,,,,,,,,,,,,,,,,,,,-239383.67,GBP,2024-06-11T18:34:49Z,M,FC,Y,OTC19000165NWM,,,10210743.71,EUR,165929570.7,GBP,183660623.7,EUR,0,GBP,0,GBP,0,GBP,EXEMPT,NONE,EXEMPT,,,,,,RR3QWICWWIPCS8A4S074,,RR3QWICWWIPCS8A4S074,,,
Trade,O2RNE8IBXP4R0TD8PU41FXCFXV000000000000000002705829,L240528A1A8A3,,,RR3QWICWWIPCS8A4S074,LEI,O2RNE8IBXP4R0TD8PU41,,,V,T,2024-05-28T22:06:10Z,RR3QWICWWIPCS8A4S074,OTC,,,,,,FR,C,,F,,,LEI,RR3QWICWWIPCS8A4S074,P,B,,,,,,FW,CU,C,JFTXFC,I,EZ6HCG5N7164,,,USD,,,,,,XOFF,N,83.209,U,INR,386000000,INR,USD,1,1,,C,2024-05-28T08:24:24Z,28-05-2024,20-06-2024,,20-06-2024,ISDA,1992,2024-05-28T08:33:09Z,E,X,N,,,N,,,,,,,,,,,,,,,,,,,,,,,,,,,,,83.209,USD/INR,,,,,,,,,,,,,,,,,,,,,,,,,-19917.44771,GBP,2024-06-11T18:34:49Z,M,FC,Y,OTC19000298NWM,,,0,GBP,0,GBP,0,GBP,171964257.3,GBP,0,GBP,0,GBP,EXEMPT,NONE,EXEMPT,,,,,,RR3QWICWWIPCS8A4S074,,RR3QWICWWIPCS8A4S074,,,
Trade,RR3QWICWWIPCS8A4S074FX120L240222A3CC2E,L240222A3CC2E,,,RR3QWICWWIPCS8A4S074,LEI,LZ2TGZJYMD0S7PCS6R42,,LO3UDTZUG0RICVPFGQ53,V,T,2024-05-14T05:40:34Z,RR3QWICWWIPCS8A4S074,OTC,,,,,,AU,C,,F,549300FQIJOSVOCB4V70,,LEI,RR3QWICWWIPCS8A4S074,P,S,,,,,,FW,CU,C,JFTXFP,I,EZKBTK0BRG64,,,CAD,,,,,,XOFF,N,1.34826,U,CAD,470174,CAD,USD,1,1,,P,2024-02-22T15:27:00Z,22-02-2024,20-06-2024,,20-06-2024,ISDA,2002,2024-04-18T18:30:29Z,E,X,N,,,N,,,,,,,,,,,,,,,,,,,,,,,,,,,USD,,1.34826,USD/CAD,,,,,,,,,,,,,,,,,,,,,,,,,5740.672111,GBP,2024-06-11T18:34:49Z,M,PC,Y,OTC1451160662NWM,,,,,0,GBP,,,1530000,USD,0,GBP,0,GBP,EXEMPT,NONE,EXEMPT,,,,,,RR3QWICWWIPCS8A4S074,,RR3QWICWWIPCS8A4S074,,,
Trade,1030187177149384LDN2256640077,L240415A62E92,,,RR3QWICWWIPCS8A4S074,LEI,E57ODZWZ7FF32TWEFA76,,,V,T,2024-04-15T17:37:13Z,RR3QWICWWIPCS8A4S074,OTC,,,,,,US,C,,F,,,LEI,RR3QWICWWIPCS8A4S074,P,S,,,,,,FW,CU,C,JFTXFC,I,EZ55WVPWQ335,,,USD,,,,,,XOFF,N,3.7294,U,PEN,1500000,PEN,USD,1,1,,C,2024-04-15T16:33:21Z,15-04-2024,14-08-2024,,14-08-2024,ISDA,1992,2024-04-15T17:37:13Z,E,X,N,,,N,,,,,,,,,,,,,,,,,,,,,,,,,,,,,3.7294,USD/PEN,,,,,,,,,,,,,,,,,,,,,,,,,4674.356891,GBP,2024-06-11T18:34:49Z,M,FC,Y,OTC19000135NWM,,,59479643.14,GBP,36750368.73,GBP,54328149.19,GBP,0,GBP,0,GBP,0,GBP,EXEMPT,NONE,EXEMPT,,,,,,RR3QWICWWIPCS8A4S074,,RR3QWICWWIPCS8A4S074,,,
Trade,635400MQZIPRVPDDZK76602396675L0A0,L240129A45D97,,,RR3QWICWWIPCS8A4S074,LEI,QP3XKRKS0CX2T3O07L95,,,V,T,2024-01-29T17:07:02Z,RR3QWICWWIPCS8A4S074,OTC,,,,,,GB,C,,F,,,LEI,RR3QWICWWIPCS8A4S074,P,B,,,,,,FW,CU,C,JFTXFP,I,EZGZYD118033,,,GBP,,,,,,FXRQ,N,1.268518,U,USD,131649.69,GBP,USD,1,1,,P,2024-01-29T16:59:14Z,29-01-2024,17-07-2024,,17-07-2024,ISDA,1992,,N,X,N,,,N,,,,,,,,,,,,,,,,,,,,,,,,,,,USD,,1.268518,GBP/USD,,,,,,,,,,,,,,,,,,,,,,,,,374.6004326,GBP,2024-06-11T18:34:49Z,M,PC,Y,OTC19000647NWM,,,,,1150000,USD,,,0,GBP,0,GBP,0,GBP,PAIRED,GTR,RECONCILED,,,,,,RR3QWICWWIPCS8A4S074,,RR3QWICWWIPCS8A4S074,,,
Trade,RILFO74KP1CM8P6PCT96SCBMXFXCASH000000000000390488424,L240321A5A4F0,,,RR3QWICWWIPCS8A4S074,LEI,RILFO74KP1CM8P6PCT96,,,V,T,2024-05-16T11:30:30Z,RR3QWICWWIPCS8A4S074,OTC,,,,,,GB,C,,F,549300WYFIFDMB6POR04,,LEI,RR3QWICWWIPCS8A4S074,P,B,,,,,,FW,CU,C,JFTXFP,I,EZH735P6T4K3,,,GBP,,,,,,XOFF,N,1.276206,U,USD,31000000,GBP,USD,1,1,,P,2024-03-21T14:08:07Z,21-03-2024,29-11-2024,,29-11-2024,ISDA,1992,2024-03-21T14:40:18Z,E,X,N,,,N,,,,,,,,,,,,,,,,,,,,,,,,,,,USD,,1.276206,GBP/USD,,,,,,,,,,,,,,,,,,,,,,,,,-70025.33206,GBP,2024-06-11T18:34:49Z,M,FC,Y,OTC19000476NWM,,,0,GBP,0,GBP,0,GBP,18046831.8,USD,0,GBP,0,GBP,UNPAIRED,NONE,PENDING,,,,,,RR3QWICWWIPCS8A4S074,,RR3QWICWWIPCS8A4S074,,,
Trade,RR3QWICWWIPCS8A4S074FX120L240412A47D61,L240412A47D61,,,RR3QWICWWIPCS8A4S074,LEI,R0MUWSFPU8MPRO8K5P83,,,V,T,2024-05-15T08:59:13Z,RR3QWICWWIPCS8A4S074,OTC,,,,,,FR,C,,F,,,LEI,RR3QWICWWIPCS8A4S074,P,S,,,,,,FW,CU,C,JFTXFP,I,EZH508GT37F1,,,EUR,,,,,,XOFF,N,11.5981164,U,SEK,2700000,EUR,SEK,1,1,,P,2024-04-12T13:20:47Z,12-04-2024,20-06-2024,,20-06-2024,ISDA,1992,2024-04-12T13:31:16Z,E,X,N,,,N,,,,,,,,,,,,,,,,,,,,,,,,,,,SEK,,11.5981164,EUR/SEK,,,,,,,,,,,,,,,,,,,,,,,,,64230.39094,GBP,2024-06-11T18:34:49Z,M,FC,Y,OTC19000096NWM,,,0,GBP,110643203.7,USD,6126589.32,EUR,0,GBP,0,GBP,0,GBP,EXEMPT,NONE,EXEMPT,,,,,,RR3QWICWWIPCS8A4S074,,RR3QWICWWIPCS8A4S074,,,
Trade,1KJTIIGC8YBBG0000000000B6278938DDE04005E,L220509A2499F,,L220509A2499E,RR3QWICWWIPCS8A4S074,LEI,1VUV7VQFKUOQSJ21A208,,,V,T,2022-06-11T18:42:13Z,RR3QWICWWIPCS8A4S074,OTC,,,,,,FR,C,,F,549300ROEJDDAXM6LU05,,LEI,RR3QWICWWIPCS8A4S074,P,B,,,,,,FW,CU,C,JFTXFP,I,EZFV97V2V3T5,,,JPY,,,,,,XOFF,N,118.8461,U,JPY,4540000,JPY,USD,1,1,,P,2022-05-09T09:34:18Z,09-05-2022,13-05-2025,,13-05-2025,ISDA,2002,2022-05-09T09:34:18Z,E,X,N,,,N,,,,,,,,,,,,,,,,,,,,,,,,,,,USD,,118.8461,USD/JPY,,,,,,,,,,,,,,,,,,,,,,,,,-5945.350019,GBP,2024-06-11T18:34:49Z,M,FC,Y,OTC19000146NWM,,,0,GBP,0,GBP,0,GBP,202008,USD,0,GBP,0,GBP,EXEMPT,NONE,EXEMPT,,,,,,RR3QWICWWIPCS8A4S074,,RR3QWICWWIPCS8A4S074,,,
Allege,RR3QWICWWIPCS8A4S074FX120L240610A44CC4,,,,549300TV3DRIYYX3ZH63,LEI,RR3QWICWWIPCS8A4S074,,,M,T,2024-06-11T16:12:07Z,RR3QWICWWIPCS8A4S074,OTC,,,,,,GB,14,,N,withheld,withheld,withheld,withheld,withheld,B,withheld,withheld,,,,FW,CU,C,JFTXFP,I,EZ2ZTHZ4R0F7,,,EUR,,,,,,XOFF,N,1.181538,U,EUR,100000,EUR,GBP,1,1,,P,2024-06-10T16:08:22Z,10-06-2024,17-06-2024,,17-06-2024,ISDA,2002,2024-06-11T16:12:05Z,E,X,N,,,N,,,,,,,,,,,,,,,,,,,,,,,,,,,GBP,,1.181538,GBP/EUR,,,,,,,,,,,,,,,,,,,,,,,,,withheld,withheld,withheld,withheld,withheld,withheld,withheld,withheld,withheld,withheld,withheld,withheld,withheld,withheld,withheld,withheld,withheld,withheld,withheld,withheld,withheld,PAIRED,GTR,RECONCILED,,,,,,,,,,,
Trade,RR3QWICWWIPCS8A4S074FX120L240517A26F20,L240517A26F20,,L240517A26EED,RR3QWICWWIPCS8A4S074,LEI,X3CZP3CK64YBHON1LE12,,,V,T,2024-05-17T11:37:40Z,RR3QWICWWIPCS8A4S074,OTC,,,,,,NL,C,,F,,,LEI,RR3QWICWWIPCS8A4S074,P,S,,,,,,FW,CU,C,JFTXFP,I,EZ8KD6X9HY34,,,SEK,,,,,,XOFF,N,10.708097,U,SEK,1625489125,SEK,USD,1,1,,P,2024-05-17T11:37:35Z,17-05-2024,21-08-2024,,21-08-2024,ISDA,2002,2024-05-17T11:37:35Z,Y,X,N,,,Y,,,,,,,,,,,,,,,,,,,,,,,,,,,USD,,10.708097,USD/SEK,,,,,,,,,,,,,,,,,,,,,,,,,-2556610.84,GBP,2024-06-11T18:34:49Z,M,FC,Y,OTC150137464NWM,,,0,GBP,0,GBP,0,GBP,971389254.4,GBP,0,GBP,0,GBP,EXEMPT,NONE,EXEMPT,,,,,,RR3QWICWWIPCS8A4S074,,RR3QWICWWIPCS8A4S074,,,
Trade,RR3QWICWWIPCS8A4S074FX120L240509A1D4ED,L240509A1D4ED,,L240509A1D4EC,RR3QWICWWIPCS8A4S074,LEI,549300PA2SO76ETZKB21,,549300KGPYQZXGMYYN38,V,T,2024-05-09T13:17:16Z,RR3QWICWWIPCS8A4S074,OTC,,,,,,DE,C,,F,,,LEI,RR3QWICWWIPCS8A4S074,P,B,,,,,,FW,CU,C,JFTXFP,I,EZYG0S30D4J1,,,AUD,,,,,,XOFF,N,1.634824,U,AUD,8113765.98,AUD,EUR,1,1,,P,2024-05-09T10:19:01Z,09-05-2024,16-08-2024,,16-08-2024,ISDA,1992,2024-05-09T10:19:01Z,E,X,N,,,N,,,,,,,,,,,,,,,,,,,,,,,,,,,EUR,,1.634824,EUR/AUD,,,,,,,,,,,,,,,,,,,,,,,,,16065.87966,GBP,2024-06-11T18:34:49Z,M,OC,Y,OTC1451153670NWM,,,0,GBP,0,GBP,,,0,GBP,0,GBP,0,GBP,EXEMPT,NONE,EXEMPT,,,,,,RR3QWICWWIPCS8A4S074,,RR3QWICWWIPCS8A4S074,,,
Trade,RR3QWICWWIPCS8A4S074FX120L240606A1890F,L240606A1890F,,,RR3QWICWWIPCS8A4S074,LEI,549300RNSBGKOVKFZ207,,549300IYJMOSFW0SWE19,V,T,2024-06-06T07:44:34Z,RR3QWICWWIPCS8A4S074,OTC,,,,,,KY,C,,F,,,LEI,RR3QWICWWIPCS8A4S074,P,S,,,,,,FW,CU,C,JFTXFP,I,EZ5D1QN81S80,,,CHF,,,,,,XOFF,N,0.885873,U,CHF,241522,CHF,USD,1,1,,P,2024-06-06T07:11:33Z,06-06-2024,06-08-2024,,06-08-2024,ISDA,1992,,N,X,N,,,N,,,,,,,,,,,,,,,,,,,,,,,,,,,USD,,0.885873,USD/CHF,,,,,,,,,,,,,,,,,,,,,,,,,1756.355013,GBP,2024-06-11T18:34:49Z,M,PC,Y,OTC1501058243NWM,,,,,0,GBP,,,439625.1829,USD,0,GBP,0,GBP,EXEMPT,NONE,EXEMPT,,,,,,RR3QWICWWIPCS8A4S074,,RR3QWICWWIPCS8A4S074,,,
Trade,RR3QWICWWIPCS8A4S074FX120L240604A36379,L240604A36379,,,RR3QWICWWIPCS8A4S074,LEI,549300J4JVDRI0QIQH24,,549300IYJMOSFW0SWE19,V,T,2024-06-04T10:27:47Z,RR3QWICWWIPCS8A4S074,OTC,,,,,,KY,C,,F,,,LEI,RR3QWICWWIPCS8A4S074,P,S,,,,,,FW,CU,C,JFTXFP,I,EZ9QH8S1DPB8,,,USD,,,,,,XOFF,N,18.841408,U,ZAR,26537.29,USD,ZAR,1,1,,P,2024-06-04T09:30:55Z,04-06-2024,12-08-2024,,12-08-2024,ISDA,1992,,N,X,N,,,N,,,,,,,,,,,,,,,,,,,,,,,,,,,ZAR,,18.841408,USD/ZAR,,,,,,,,,,,,,,,,,,,,,,,,,65.05148099,GBP,2024-06-11T18:34:49Z,M,FC,Y,OTC1501028454NWM,,,0,GBP,0,GBP,0,GBP,118326704.5,USD,0,GBP,0,GBP,EXEMPT,NONE,EXEMPT,,,,,,RR3QWICWWIPCS8A4S074,,RR3QWICWWIPCS8A4S074,,,
Trade,RR3QWICWWIPCS8A4S074FX120L240320A19A1B,L240320A19A1B,,,RR3QWICWWIPCS8A4S074,LEI,2138002UDWAASKEYKX37,,,V,T,2024-03-21T09:06:21Z,RR3QWICWWIPCS8A4S074,OTC,,,,,,GB,C,,F,,,LEI,RR3QWICWWIPCS8A4S074,P,B,,,,,,FW,CU,C,JFTXFP,I,EZF2KK8DTPR0,,,EUR,,,,,,XOFF,N,1.168783,U,EUR,75000,EUR,GBP,1,1,,P,2024-03-20T09:00:50Z,20-03-2024,12-06-2024,,12-06-2024,ISDA,2002,2024-03-21T09:06:14Z,Y,X,N,,,N,,,,,,,,,,,,,,,,,,,,,,,,,,,GBP,,1.168783,GBP/EUR,,,,,,,,,,,,,,,,,,,,,,,,,-930.9711888,GBP,2024-06-11T18:34:49Z,M,U,,,,,,,,,,,,,,,,,PAIRED,GTR,RECONCILED,,,,,,RR3QWICWWIPCS8A4S074,,,,,
Trade,RR3QWICWWIPCS8A4S074FX120L240409A25EEE,L240409A25EEE,,,RR3QWICWWIPCS8A4S074,LEI,X3CZP3CK64YBHON1LE12,,,V,T,2024-04-09T10:18:58Z,RR3QWICWWIPCS8A4S074,OTC,,,,,,NL,C,,F,,,LEI,RR3QWICWWIPCS8A4S074,P,B,,,,,,FW,CU,C,JFTXFP,I,EZ5BH43RNC49,,,EUR,,,,,,XOFF,N,1.091157,U,USD,3500000,EUR,USD,1,1,,P,2024-04-09T10:18:53Z,09-04-2024,15-07-2024,,15-07-2024,ISDA,2002,2024-04-09T10:18:53Z,E,X,N,,,Y,,,,,,,,,,,,,,,,,,,,,,,,,,,USD,,1.091157,EUR/USD,,,,,,,,,,,,,,,,,,,,,,,,,-46738.39599,GBP,2024-06-11T18:34:49Z,M,FC,Y,OTC150137464NWM,,,0,GBP,0,GBP,0,GBP,971389254.4,GBP,0,GBP,0,GBP,EXEMPT,NONE,EXEMPT,,,,,,RR3QWICWWIPCS8A4S074,,RR3QWICWWIPCS8A4S074,,,
Trade,549300D84OQ6BDBRBO3501N17171028624738427,L240530A53A54,,,RR3QWICWWIPCS8A4S074,LEI,R0MUWSFPU8MPRO8K5P83,,,V,T,2024-05-31T22:02:27Z,RR3QWICWWIPCS8A4S074,OTC,,,,,,FR,C,,F,,,LEI,RR3QWICWWIPCS8A4S074,P,S,,,,,,FW,CU,C,JFTXFC,I,EZ44LY6VLFJ2,,,USD,,,,,,BHSF,N,32.485,U,TWD,8121250,TWD,USD,1,1,,C,2024-05-31T04:52:53Z,31-05-2024,05-07-2024,,05-07-2024,ISDA,1992,,N,X,N,,,N,,,,,,,,,,,,,,,,,,,,,,,,,,,,,32.485,USD/TWD,,,,,,,,,,,,,,,,,,,,,,,,,-677.6110695,GBP,2024-06-11T18:34:49Z,M,FC,Y,OTC19000096NWM,,,0,GBP,110643203.7,USD,6126589.32,EUR,0,GBP,0,GBP,0,GBP,EXEMPT,NONE,EXEMPT,,,,,,RR3QWICWWIPCS8A4S074,,RR3QWICWWIPCS8A4S074,,,
Trade,549300SDDJE84DDJNB30624046850L1A4,L240430A37444,,L240430A37443,RR3QWICWWIPCS8A4S074,LEI,549300UX7UOUZORRSH50,,2138001DQUZ2LO76TQ26,V,T,2024-04-30T11:39:59Z,RR3QWICWWIPCS8A4S074,OTC,,,,,,LU,C,,F,,,LEI,RR3QWICWWIPCS8A4S074,P,B,,,,,,FW,CU,C,JFTXFP,I,EZM3BQ1FTMY3,,,EUR,,,,,,TRAL,N,0.858611,U,GBP,264163.64,EUR,GBP,1,1,,P,2024-04-30T11:10:00Z,30-04-2024,13-08-2024,,13-08-2024,ISDA,2002,,N,X,N,,,N,,,,,,,,,,,,,,,,,,,,,,,,,,,GBP,,0.858611,EUR/GBP,,,,,,,,,,,,,,,,,,,,,,,,,-3478.88782,GBP,2024-06-11T18:34:49Z,M,U,,,,,,,,,,,,,,,,,EXEMPT,NONE,EXEMPT,,,,,,RR3QWICWWIPCS8A4S074,,,,,
Allege,5493001KJTIIGC8Y1R12BBG0000000000B6641DB12D90C0153,,,L240514A143C3,213800XUT141E9CPRI88,LEI,RR3QWICWWIPCS8A4S074,,,M,T,2024-05-15T13:09:31Z,RR3QWICWWIPCS8A4S074,OTC,,,,,,GB,11,,N,withheld,withheld,withheld,withheld,withheld,B,withheld,withheld,,,,FW,CU,C,JFTXFP,I,EZFKWK7JDXR2,,,AUD,,,,,,XOFF,N,101.3648,U,JPY,2959607.28,AUD,JPY,1,1,,P,2024-05-14T08:17:50Z,14-05-2024,15-10-2024,,15-10-2024,ISDA,1992,2024-05-15T13:09:31Z,E,X,N,,,N,,,,,,,,,,,,,,,,,,,,,,,,,,,JPY,,101.3648,AUD/JPY,,,,,,,,,,,,,,,,,,,,,,,,,withheld,withheld,withheld,withheld,withheld,withheld,withheld,withheld,withheld,withheld,withheld,withheld,withheld,withheld,withheld,withheld,withheld,withheld,withheld,withheld,withheld,PAIRED,GTR,RECONCILED,,,,,,,,,,,
Trade,RR3QWICWWIPCS8A4S074FX120L240416A24CC4,L240416A24CC4,,L240416A24CC3,RR3QWICWWIPCS8A4S074,LEI,5493003EETVWYSIJ5A20,,,V,T,2024-04-17T08:33:16Z,RR3QWICWWIPCS8A4S074,OTC,,,,,,GB,C,,F,,,LEI,RR3QWICWWIPCS8A4S074,P,B,,,,,,FW,CU,C,JFTXFP,I,EZKZLJ8CRMP4,,,HUF,,,,,,XOFF,N,375.7899,U,HUF,1503159600,HUF,USD,1,1,,P,2024-04-16T08:20:48Z,16-04-2024,18-12-2024,,18-12-2024,ISDA,2002,2024-04-17T08:33:13Z,E,X,N,,,N,,,,,,,,,,,,,,,,,,,,,,,,,,,USD,,375.7899,USD/HUF,,,,,,,,,,,,,,,,,,,,,,,,,45029.64477,GBP,2024-06-11T18:34:49Z,M,FC,Y,OTC1501155535NWM,,,0,GBP,0,GBP,0,GBP,18648246.26,USD,0,GBP,0,GBP,UNPAIRED,NONE,PENDING,,,,,,RR3QWICWWIPCS8A4S074,,RR3QWICWWIPCS8A4S074,,,
Trade,7H6GLXDRUGQFU57RNE97GFXFXA0000000000000000XYZ2CO04L9,L240319A38352,,,RR3QWICWWIPCS8A4S074,LEI,7H6GLXDRUGQFU57RNE97,,,V,T,2024-03-19T11:37:03Z,RR3QWICWWIPCS8A4S074,OTC,,,,,,US,C,,F,,,LEI,RR3QWICWWIPCS8A4S074,P,S,,,,,,FW,CU,C,JFTXFP,I,EZ0J0F82MP36,,,HUF,,,,,,XOFF,N,367.05095,U,HUF,130000000,HUF,USD,1,1,,P,2024-03-19T10:58:35Z,19-03-2024,18-06-2024,,18-06-2024,ISDA,1992,2024-03-19T11:37:03Z,E,X,N,,,N,,,,,,,,,,,,,,,,,,,,,,,,,,,USD,,367.05095,USD/HUF,,,,,,,,,,,,,,,,,,,,,,,,,1176.291533,GBP,2024-06-11T18:34:49Z,M,FC,Y,OTC19000251NWM,,,119878123.9,GBP,0,GBP,131742638.8,GBP,201246517.3,GBP,0,GBP,0,GBP,EXEMPT,NONE,EXEMPT,,,,,,RR3QWICWWIPCS8A4S074,,RR3QWICWWIPCS8A4S074,,,
Trade,529900P0204W9HA8JP36640131583,N230707A0F7E5,,,RR3QWICWWIPCS8A4S074,LEI,5493007ERCERIKZJKS38,,,V,T,2024-06-03T10:55:13Z,RR3QWICWWIPCS8A4S074,OTC,,,,,,IE,C,,F,,,LEI,RR3QWICWWIPCS8A4S074,P,B,,,,,,FW,CU,C,JFTXFP,I,EZN0KMH110P4,,,EUR,,,,,,XOFF,N,1.118955,U,USD,16890588.55,EUR,USD,1,1,,P,2023-07-07T15:53:48Z,07-07-2023,25-10-2024,,25-10-2024,ISDA,2002,2023-07-07T16:19:48Z,E,X,N,,,N,,,,,,,,,,,,,,,,,,,,,,,,,,,USD,,1.118955,EUR/USD,,,,,,,,,,,,,,,,,,,,,,,,,-516097.8793,GBP,2024-06-11T18:34:49Z,M,U,,,,,,,,,,,,,,,,,EXEMPT,NONE,EXEMPT,,,,,,RR3QWICWWIPCS8A4S074,,,,,
Trade,RR3QWICWWIPCS8A4S074FX120L240524A32E93,L240524A32E93,,,RR3QWICWWIPCS8A4S074,LEI,R0MUWSFPU8MPRO8K5P83,,,V,T,2024-05-24T22:08:12Z,RR3QWICWWIPCS8A4S074,OTC,,,,,,FR,C,,F,,,LEI,RR3QWICWWIPCS8A4S074,P,S,,,,,,FW,CU,C,JFTXFP,I,EZQWTT8BYP11,,,AUD,,,,,,XOFF,N,0.66244,U,USD,150957.07,AUD,USD,1,1,,P,2024-05-24T14:04:23Z,24-05-2024,20-06-2024,,20-06-2024,ISDA,1992,2024-05-24T14:17:34Z,E,X,N,,,N,,,,,,,,,,,,,,,,,,,,,,,,,,,USD,,0.66244,AUD/USD,,,,,,,,,,,,,,,,,,,,,,,,,352.5900859,GBP,2024-06-11T18:34:49Z,M,FC,Y,OTC19000096NWM,,,0,GBP,110643203.7,USD,6126589.32,EUR,0,GBP,0,GBP,0,GBP,EXEMPT,NONE,EXEMPT,,,,,,RR3QWICWWIPCS8A4S074,,RR3QWICWWIPCS8A4S074,,,
Allege,RR3QWICWWIPCS8A4S074FX120L240307A00FDA,,,,213800K6TQ8MIHMCTU80,LEI,RR3QWICWWIPCS8A4S074,,,M,T,2024-03-08T20:42:15Z,RR3QWICWWIPCS8A4S074,OTC,,,,,,GB,7,,N,withheld,withheld,withheld,withheld,withheld,S,withheld,withheld,,,,FW,CU,C,JFTXFP,I,EZTV9PFVL1T1,,,GBP,,,,,,XOFF,N,1.280822,U,USD,187379.67,GBP,USD,1,1,,P,2024-03-07T20:39:25Z,07-03-2024,03-09-2024,,03-09-2024,ISDA,2002,2024-03-08T20:42:12Z,E,X,N,,,N,,,,,,,,,,,,,,,,,,,,,,,,,,,USD,,1.280822,GBP/USD,,,,,,,,,,,,,,,,,,,,,,,,,withheld,withheld,withheld,withheld,withheld,withheld,withheld,withheld,withheld,withheld,withheld,withheld,withheld,withheld,withheld,withheld,withheld,withheld,withheld,withheld,withheld,PAIRED,GTR,RECONCILED,,,,,,,,,,,
Allege,MP6I5ZYZBEU3UXPYFY54FXP2024040924040900000489861,MP6I5ZYZBEU3UXPYFY54FXP2024040924040900000489861,,,MP6I5ZYZBEU3UXPYFY54,LEI,RR3QWICWWIPCS8A4S074,,,V,T,2024-04-24T07:51:40Z,MP6I5ZYZBEU3UXPYFY54,OTC,,,,,,GB,F,,F,withheld,withheld,withheld,withheld,withheld,S,withheld,withheld,,,,FW,CU,C,JFTXFP,I,EZHXTVMW6FP3,,,GBP,,,,,,XOFF,N,189.5864,U,JPY,2189532.14,GBP,JPY,1,1,,P,2024-04-09T16:18:01Z,09-04-2024,17-07-2024,,17-07-2024,ISDA,1992,2024-04-09T16:35:38Z,E,X,N,,,N,,,,,,,,,,,,,,,,,,,,,,,,,,,JPY,189.5864,,GBP/JPY,,,,,,,,,,,,,,,,,,,,,,,,,withheld,withheld,withheld,withheld,withheld,withheld,withheld,withheld,withheld,withheld,withheld,withheld,withheld,withheld,withheld,withheld,withheld,withheld,withheld,withheld,withheld,UNPAIRED,NONE,PENDING,,,,,,MP6I5ZYZBEU3UXPYFY54,,MP6I5ZYZBEU3UXPYFY54,,,
Trade,5493004U2OZSNOP2ML97572575892L1A0,L230928A4889D,,L230928A4889C,RR3QWICWWIPCS8A4S074,LEI,7LTWFZYICNSX8D621K86,,,V,T,2023-09-28T22:01:46Z,RR3QWICWWIPCS8A4S074,OTC,,,,,,DE,C,,F,,,LEI,RR3QWICWWIPCS8A4S074,P,S,,,,,,FW,CU,C,JFTXFP,I,EZ3TKPFQJ0J0,,,EUR,,,,,,XOFF,N,1.0758726,U,USD,7000000,EUR,USD,1,1,,P,2023-09-28T13:50:38Z,28-09-2023,18-12-2024,,18-12-2024,ISDA,1992,2023-09-28T13:52:02Z,E,X,N,,,N,,,,,,,,,,,,,,,,,,,,,,,,,,,USD,,1.0758726,EUR/USD,,,,,,,,,,,,,,,,,,,,,,,,,-33252.49047,GBP,2024-06-11T18:34:49Z,M,FC,Y,OTC19000165NWM,,,10210743.71,EUR,165929570.7,GBP,183660623.7,EUR,0,GBP,0,GBP,0,GBP,EXEMPT,NONE,EXEMPT,,,,,,RR3QWICWWIPCS8A4S074,,RR3QWICWWIPCS8A4S074,,,
Allege,RR3QWICWWIPCS8A4S074FX00823325LN003866D,,,23325LN513486G,ZGEN8HJFCYNRVN1XCJ08,LEI,RR3QWICWWIPCS8A4S074,,,M,T,2023-11-24T15:04:03Z,RR3QWICWWIPCS8A4S074,OTC,,,,,,GB,4,,N,withheld,withheld,withheld,withheld,withheld,B,withheld,withheld,,,,OP,CU,C,HFTDBP,,,,,GBP,P,E,1.3325,U,,XXXX,N,0,U,GBP,6003752.345,GBP,USD,1,1,,P,2023-11-21T16:36:56Z,21-11-2023,24-10-2024,,28-10-2024,ISDA,1992,2023-11-24T15:04:03Z,Y,X,N,,,N,,,,,,,,,,,,,,,,,,,,,,,,,,,USD,1.3325,,GBP/USD,,,,,,,,,,,,,,,,,,,,,,,,,withheld,withheld,withheld,withheld,withheld,withheld,withheld,withheld,withheld,withheld,withheld,withheld,withheld,withheld,withheld,withheld,withheld,withheld,withheld,withheld,withheld,PAIRED,GTR,RECONCILED,,,,,,,,,,,
Trade,RR3QWICWWIPCS8A4S074FX120L240410A1BA0C,L240410A1BA0C,,,RR3QWICWWIPCS8A4S074,LEI,2138008UH91AFWEOMG40,,,V,T,2024-04-22T08:36:11Z,RR3QWICWWIPCS8A4S074,OTC,,,,,,GB,C,,F,,,LEI,RR3QWICWWIPCS8A4S074,P,B,,,,,,OT,CU,C,JFTXFP,I,EZTGKQY2T7H8,,,,,,,,,XOFF,N,1.268092,U,USD,111802.61,GBP,,1,1,,P,2024-04-10T08:40:02Z,10-04-2024,10-07-2024,,10-07-2024,ISDA,2002,2024-04-10T10:48:00Z,E,X,N,,,N,,,,,,,,,,,,,,,,,,,,,,,,,,,USD,,1.268092,GBP/USD,,,,,,,,,,,,,,,,,,,,,,,,,779.6089519,GBP,2024-06-11T18:34:49Z,M,U,,,,,,,,,,,,,,,,,PAIRED,GTR,RECONCILED,,,,,,RR3QWICWWIPCS8A4S074,,,,,
Trade,529900P0204W9HA8JP36680475456,L231116A2C264,,,RR3QWICWWIPCS8A4S074,LEI,213800KB9M4576T4AU36,,,V,T,2023-11-16T15:09:48Z,RR3QWICWWIPCS8A4S074,OTC,,,,,,GB,C,,F,,,LEI,RR3QWICWWIPCS8A4S074,P,S,,,,,,FW,CU,C,JFTXFP,I,EZS3YJYBZR41,,,EUR,,,,,,XOFF,N,1.12227,U,EUR,599200,EUR,GBP,1,1,,P,2023-11-16T12:35:48Z,16-11-2023,07-02-2025,,07-02-2025,ISDA,1992,2023-11-16T15:09:47Z,E,X,N,,,N,,,,,,,,,,,,,,,,,,,,,,,,,,,GBP,,1.12227,GBP/EUR,,,,,,,,,,,,,,,,,,,,,,,,,22760.23611,GBP,2024-06-11T18:34:49Z,M,U,,,,,,,,,,,,,,,,,PAIRED,GTR,RECONCILED,,,,,,RR3QWICWWIPCS8A4S074,,,,,
Trade,RR3QWICWWIPCS8A4S074FX120L240606A297B3,L240606A297B3,,,RR3QWICWWIPCS8A4S074,LEI,2MHXSKNUPDPOOL9PS980,,549300IYJMOSFW0SWE19,V,T,2024-06-06T11:13:17Z,RR3QWICWWIPCS8A4S074,OTC,,,,,,BM,C,,F,,,LEI,RR3QWICWWIPCS8A4S074,P,S,,,,,,FW,CU,C,JFTXFP,I,EZ9QH8S1DPB8,,,USD,,,,,,XOFF,N,19.018318,U,ZAR,972746.38,USD,ZAR,1,1,,P,2024-06-06T10:10:45Z,06-06-2024,12-08-2024,,12-08-2024,ISDA,1992,,N,X,N,,,N,,,,,,,,,,,,,,,,,,,,,,,,,,,ZAR,,19.018318,USD/ZAR,,,,,,,,,,,,,,,,,,,,,,,,,9522.27355,GBP,2024-06-11T18:34:49Z,M,FC,Y,OTC15020789NWM,,,0,GBP,0,GBP,0,GBP,91699561.69,USD,0,GBP,0,GBP,EXEMPT,NONE,EXEMPT,,,,,,RR3QWICWWIPCS8A4S074,,RR3QWICWWIPCS8A4S074,,,
